-- phpMyAdmin SQL Dump
-- version 5.2.1
-- https://www.phpmyadmin.net/
--
-- Máy chủ: localhost
-- Thời gian đã tạo: Th10 07, 2024 lúc 04:19 PM
-- Phiên bản máy phục vụ: 10.4.28-MariaDB
-- Phiên bản PHP: 8.2.4

SET SQL_MODE = "NO_AUTO_VALUE_ON_ZERO";
START TRANSACTION;
SET time_zone = "+00:00";


/*!40101 SET @OLD_CHARACTER_SET_CLIENT=@@CHARACTER_SET_CLIENT */;
/*!40101 SET @OLD_CHARACTER_SET_RESULTS=@@CHARACTER_SET_RESULTS */;
/*!40101 SET @OLD_COLLATION_CONNECTION=@@COLLATION_CONNECTION */;
/*!40101 SET NAMES utf8mb4 */;

--
-- Cơ sở dữ liệu: `projectfinal`
--

-- --------------------------------------------------------

--
-- Cấu trúc bảng cho bảng `attributes`
--

CREATE TABLE `attributes` (
  `attribute_id` bigint(20) NOT NULL,
  `category_attribute_id` bigint(20) NOT NULL,
  `attribute_name` varchar(255) NOT NULL,
  `status` char(1) NOT NULL DEFAULT '1',
  `create_at` timestamp NOT NULL DEFAULT current_timestamp(),
  `update_at` timestamp NOT NULL DEFAULT current_timestamp()
) ENGINE=InnoDB DEFAULT CHARSET=utf8mb4 COLLATE=utf8mb4_general_ci;

--
-- Đang đổ dữ liệu cho bảng `attributes`
--

INSERT INTO `attributes` (`attribute_id`, `category_attribute_id`, `attribute_name`, `status`, `create_at`, `update_at`) VALUES
(2, 76, 'Sedan', '1', '2024-11-07 11:04:30', '2024-11-07 11:04:30'),
(3, 76, 'SUV', '1', '2024-11-07 11:04:30', '2024-11-07 11:04:30'),
(4, 76, 'Hatchback', '1', '2024-11-07 11:04:30', '2024-11-07 11:04:30'),
(5, 76, 'Coupe', '1', '2024-11-07 11:04:30', '2024-11-07 11:04:30'),
(6, 76, 'Convertible', '1', '2024-11-07 11:04:30', '2024-11-07 11:04:30'),
(7, 76, 'Minivan', '1', '2024-11-07 11:04:30', '2024-11-07 11:04:30'),
(8, 76, 'Pick-up', '1', '2024-11-07 11:04:30', '2024-11-07 11:04:30'),
(9, 76, 'Crossover', '1', '2024-11-07 11:04:31', '2024-11-07 11:04:31'),
(10, 76, 'Wagon', '1', '2024-11-07 11:04:31', '2024-11-07 11:04:31'),
(11, 76, 'Sportscar', '1', '2024-11-07 11:04:31', '2024-11-07 11:04:31'),
(12, 76, 'Electric', '1', '2024-11-07 11:04:31', '2024-11-07 11:04:31'),
(13, 76, 'Hybrid', '1', '2024-11-07 11:04:31', '2024-11-07 11:04:31'),
(14, 76, 'Luxury', '1', '2024-11-07 11:04:31', '2024-11-07 11:04:31'),
(15, 76, 'Compact', '1', '2024-11-07 11:04:31', '2024-11-07 11:04:31'),
(16, 76, 'Supercar', '1', '2024-11-07 11:04:31', '2024-11-07 11:04:31'),
(17, 76, 'Off-road', '1', '2024-11-07 11:04:31', '2024-11-07 11:04:31'),
(18, 77, '2000', '1', '2024-11-07 11:06:27', '2024-11-07 11:06:27'),
(19, 77, '2001', '1', '2024-11-07 11:06:27', '2024-11-07 11:06:27'),
(20, 77, '2002', '1', '2024-11-07 11:06:27', '2024-11-07 11:06:27'),
(21, 77, '2003', '1', '2024-11-07 11:06:27', '2024-11-07 11:06:27'),
(22, 77, '2004', '1', '2024-11-07 11:06:27', '2024-11-07 11:06:27'),
(23, 77, '2005', '1', '2024-11-07 11:06:27', '2024-11-07 11:06:27'),
(24, 77, '2006', '1', '2024-11-07 11:06:27', '2024-11-07 11:06:27'),
(25, 77, '2007', '1', '2024-11-07 11:06:27', '2024-11-07 11:06:27'),
(26, 77, '2008', '1', '2024-11-07 11:06:27', '2024-11-07 11:06:27'),
(27, 77, '2009', '1', '2024-11-07 11:06:27', '2024-11-07 11:06:27'),
(28, 77, '2010', '1', '2024-11-07 11:06:27', '2024-11-07 11:06:27'),
(29, 77, '2011', '1', '2024-11-07 11:06:27', '2024-11-07 11:06:27'),
(30, 77, '2012', '1', '2024-11-07 11:06:27', '2024-11-07 11:06:27'),
(31, 77, '2013', '1', '2024-11-07 11:06:27', '2024-11-07 11:06:27'),
(32, 77, '2014', '1', '2024-11-07 11:06:27', '2024-11-07 11:06:27'),
(33, 77, '2015', '1', '2024-11-07 11:06:27', '2024-11-07 11:06:27'),
(34, 77, '2016', '1', '2024-11-07 11:06:27', '2024-11-07 11:06:27'),
(35, 77, '2017', '1', '2024-11-07 11:06:27', '2024-11-07 11:06:27'),
(36, 77, '2018', '1', '2024-11-07 11:06:27', '2024-11-07 11:06:27'),
(37, 77, '2019', '1', '2024-11-07 11:06:27', '2024-11-07 11:06:27'),
(38, 77, '2020', '1', '2024-11-07 11:06:27', '2024-11-07 11:06:27'),
(39, 77, '2021', '1', '2024-11-07 11:06:27', '2024-11-07 11:06:27'),
(40, 77, '2022', '1', '2024-11-07 11:06:27', '2024-11-07 11:06:27'),
(41, 77, '2023', '1', '2024-11-07 11:06:27', '2024-11-07 11:06:27'),
(42, 77, '2024', '1', '2024-11-07 11:06:27', '2024-11-07 11:06:27'),
(52, 77, 'Be', '1', '2024-11-07 11:07:07', '2024-11-07 11:07:07'),
(53, 77, 'Cam', '1', '2024-11-07 11:07:07', '2024-11-07 11:07:07'),
(54, 77, 'Tím', '1', '2024-11-07 11:07:07', '2024-11-07 11:07:07'),
(55, 77, 'Lục', '1', '2024-11-07 11:07:07', '2024-11-07 11:07:07'),
(56, 77, 'Xanh dương', '1', '2024-11-07 11:07:07', '2024-11-07 11:07:07'),
(57, 77, 'Vàng nhạt', '1', '2024-11-07 11:07:07', '2024-11-07 11:07:07'),
(58, 77, 'Xanh lá', '1', '2024-11-07 11:07:07', '2024-11-07 11:07:07'),
(59, 78, 'Đen', '1', '2024-11-07 11:08:29', '2024-11-07 11:08:29'),
(60, 78, 'Trắng', '1', '2024-11-07 11:08:29', '2024-11-07 11:08:29'),
(61, 78, 'Xám', '1', '2024-11-07 11:08:29', '2024-11-07 11:08:29'),
(62, 78, 'Đỏ', '1', '2024-11-07 11:08:29', '2024-11-07 11:08:29'),
(63, 78, 'Vàng', '1', '2024-11-07 11:08:29', '2024-11-07 11:08:29'),
(64, 78, 'Xanh', '1', '2024-11-07 11:08:29', '2024-11-07 11:08:29'),
(65, 78, 'Nâu', '1', '2024-11-07 11:08:29', '2024-11-07 11:08:29'),
(66, 78, 'Hồng', '1', '2024-11-07 11:08:29', '2024-11-07 11:08:29'),
(67, 78, 'Bạc', '1', '2024-11-07 11:08:29', '2024-11-07 11:08:29'),
(68, 78, 'Be', '1', '2024-11-07 11:08:29', '2024-11-07 11:08:29'),
(69, 78, 'Cam', '1', '2024-11-07 11:08:29', '2024-11-07 11:08:29'),
(70, 78, 'Tím', '1', '2024-11-07 11:08:29', '2024-11-07 11:08:29'),
(71, 78, 'Lục', '1', '2024-11-07 11:08:29', '2024-11-07 11:08:29'),
(72, 78, 'Xanh dương', '1', '2024-11-07 11:08:29', '2024-11-07 11:08:29'),
(73, 78, 'Vàng nhạt', '1', '2024-11-07 11:08:29', '2024-11-07 11:08:29'),
(74, 78, 'Xanh lá', '1', '2024-11-07 11:08:29', '2024-11-07 11:08:29'),
(75, 79, '0-5,000 km', '1', '2024-11-07 11:09:33', '2024-11-07 11:09:33'),
(76, 79, '5,001-10,000 km', '1', '2024-11-07 11:09:33', '2024-11-07 11:09:33'),
(77, 79, '10,001-15,000 km', '1', '2024-11-07 11:09:33', '2024-11-07 11:09:33'),
(78, 79, '15,001-20,000 km', '1', '2024-11-07 11:09:33', '2024-11-07 11:09:33'),
(79, 79, '20,001-25,000 km', '1', '2024-11-07 11:09:33', '2024-11-07 11:09:33'),
(80, 79, '25,001-30,000 km', '1', '2024-11-07 11:09:33', '2024-11-07 11:09:33'),
(81, 79, '30,001-35,000 km', '1', '2024-11-07 11:09:33', '2024-11-07 11:09:33'),
(82, 79, '35,001-40,000 km', '1', '2024-11-07 11:09:33', '2024-11-07 11:09:33'),
(83, 79, '40,001-45,000 km', '1', '2024-11-07 11:09:33', '2024-11-07 11:09:33'),
(84, 79, '45,001-50,000 km', '1', '2024-11-07 11:09:33', '2024-11-07 11:09:33'),
(85, 79, '50,001-60,000 km', '1', '2024-11-07 11:09:33', '2024-11-07 11:09:33'),
(86, 79, '60,001-70,000 km', '1', '2024-11-07 11:09:33', '2024-11-07 11:09:33'),
(87, 79, '70,001-80,000 km', '1', '2024-11-07 11:09:33', '2024-11-07 11:09:33'),
(88, 79, '80,001-90,000 km', '1', '2024-11-07 11:09:33', '2024-11-07 11:09:33'),
(89, 79, '90,001-100,000 km', '1', '2024-11-07 11:09:33', '2024-11-07 11:09:33'),
(90, 79, '100,001-120,000 km', '1', '2024-11-07 11:09:33', '2024-11-07 11:09:33'),
(91, 79, '120,001-140,000 km', '1', '2024-11-07 11:09:33', '2024-11-07 11:09:33'),
(92, 79, '140,001-160,000 km', '1', '2024-11-07 11:09:33', '2024-11-07 11:09:33'),
(93, 79, '160,001-180,000 km', '1', '2024-11-07 11:09:33', '2024-11-07 11:09:33'),
(94, 79, '180,001-200,000 km', '1', '2024-11-07 11:09:33', '2024-11-07 11:09:33'),
(95, 79, '200,001-220,000 km', '1', '2024-11-07 11:09:33', '2024-11-07 11:09:33'),
(96, 79, '220,001-240,000 km', '1', '2024-11-07 11:09:33', '2024-11-07 11:09:33'),
(97, 79, '240,001-260,000 km', '1', '2024-11-07 11:09:33', '2024-11-07 11:09:33'),
(98, 79, '260,001-280,000 km', '1', '2024-11-07 11:09:33', '2024-11-07 11:09:33'),
(99, 79, '280,001-300,000 km', '1', '2024-11-07 11:09:33', '2024-11-07 11:09:33'),
(100, 80, '1.0L', '1', '2024-11-07 11:10:19', '2024-11-07 11:10:19'),
(101, 80, '1.2L', '1', '2024-11-07 11:10:19', '2024-11-07 11:10:19'),
(102, 80, '1.4L', '1', '2024-11-07 11:10:19', '2024-11-07 11:10:19'),
(103, 80, '1.5L', '1', '2024-11-07 11:10:19', '2024-11-07 11:10:19'),
(104, 80, '1.6L', '1', '2024-11-07 11:10:19', '2024-11-07 11:10:19'),
(105, 80, '1.8L', '1', '2024-11-07 11:10:19', '2024-11-07 11:10:19'),
(106, 80, '2.0L', '1', '2024-11-07 11:10:19', '2024-11-07 11:10:19'),
(107, 80, '2.2L', '1', '2024-11-07 11:10:19', '2024-11-07 11:10:19'),
(108, 80, '2.5L', '1', '2024-11-07 11:10:19', '2024-11-07 11:10:19'),
(109, 80, '3.0L', '1', '2024-11-07 11:10:19', '2024-11-07 11:10:19'),
(110, 80, '3.5L', '1', '2024-11-07 11:10:19', '2024-11-07 11:10:19'),
(111, 80, '4.0L', '1', '2024-11-07 11:10:19', '2024-11-07 11:10:19'),
(112, 80, '4.5L', '1', '2024-11-07 11:10:19', '2024-11-07 11:10:19'),
(113, 80, '5.0L', '1', '2024-11-07 11:10:19', '2024-11-07 11:10:19'),
(114, 80, '5.5L', '1', '2024-11-07 11:10:19', '2024-11-07 11:10:19'),
(115, 80, '6.0L', '1', '2024-11-07 11:10:19', '2024-11-07 11:10:19'),
(116, 80, '6.5L', '1', '2024-11-07 11:10:19', '2024-11-07 11:10:19'),
(117, 80, '7.0L', '1', '2024-11-07 11:10:19', '2024-11-07 11:10:19'),
(118, 81, 'Sedan', '1', '2024-11-07 11:10:59', '2024-11-07 11:10:59'),
(119, 81, 'Hatchback', '1', '2024-11-07 11:10:59', '2024-11-07 11:10:59'),
(120, 81, 'SUV', '1', '2024-11-07 11:10:59', '2024-11-07 11:10:59'),
(121, 81, 'Coupe', '1', '2024-11-07 11:10:59', '2024-11-07 11:10:59'),
(122, 81, 'Convertible', '1', '2024-11-07 11:10:59', '2024-11-07 11:10:59'),
(123, 81, 'Pickup', '1', '2024-11-07 11:10:59', '2024-11-07 11:10:59'),
(124, 81, 'Wagon', '1', '2024-11-07 11:10:59', '2024-11-07 11:10:59'),
(125, 81, 'Van', '1', '2024-11-07 11:10:59', '2024-11-07 11:10:59'),
(126, 81, 'Crossover', '1', '2024-11-07 11:10:59', '2024-11-07 11:10:59'),
(127, 81, 'MPV', '1', '2024-11-07 11:10:59', '2024-11-07 11:10:59'),
(128, 86, '1 chủ sở hữu', '1', '2024-11-07 11:12:32', '2024-11-07 11:12:32'),
(129, 86, '2 chủ sở hữu', '1', '2024-11-07 11:12:32', '2024-11-07 11:12:32'),
(130, 86, '3 chủ sở hữu', '1', '2024-11-07 11:12:33', '2024-11-07 11:12:33'),
(131, 86, '4 chủ sở hữu', '1', '2024-11-07 11:12:33', '2024-11-07 11:12:33'),
(132, 86, '5 chủ sở hữu', '1', '2024-11-07 11:12:33', '2024-11-07 11:12:33'),
(133, 86, 'Hơn 5 chủ sở hữu', '1', '2024-11-07 11:12:33', '2024-11-07 11:12:33'),
(134, 87, 'Xăng', '1', '2024-11-07 11:12:57', '2024-11-07 11:12:57'),
(135, 87, 'Diesel', '1', '2024-11-07 11:12:57', '2024-11-07 11:12:57'),
(136, 87, 'Điện', '1', '2024-11-07 11:12:57', '2024-11-07 11:12:57'),
(137, 87, 'Hybrid (Xăng + Điện)', '1', '2024-11-07 11:12:57', '2024-11-07 11:12:57'),
(138, 87, 'LPG (Gas hóa lỏng)', '1', '2024-11-07 11:12:57', '2024-11-07 11:12:57'),
(139, 87, 'CNG (Khí tự nhiên)', '1', '2024-11-07 11:12:57', '2024-11-07 11:12:57'),
(140, 88, 'FWD (Dẫn động cầu trước)', '1', '2024-11-07 11:13:24', '2024-11-07 11:13:24'),
(141, 88, 'RWD (Dẫn động cầu sau)', '1', '2024-11-07 11:13:24', '2024-11-07 11:13:24'),
(142, 88, 'AWD (Dẫn động bốn bánh toàn thời gian)', '1', '2024-11-07 11:13:24', '2024-11-07 11:13:24'),
(143, 88, '4WD (Dẫn động 4 bánh)', '1', '2024-11-07 11:13:24', '2024-11-07 11:13:24'),
(144, 88, 'AWD Hybrid (Dẫn động bốn bánh kết hợp với động cơ điện)', '1', '2024-11-07 11:13:24', '2024-11-07 11:13:24'),
(145, 88, '4WD Hybrid (Dẫn động 4 bánh kết hợp với động cơ điện)', '1', '2024-11-07 11:13:24', '2024-11-07 11:13:24'),
(146, 89, 'ABS (Hệ thống chống bó cứng phanh)', '1', '2024-11-07 11:14:06', '2024-11-07 11:14:06'),
(147, 89, 'EBD (Phân phối lực phanh điện tử)', '1', '2024-11-07 11:14:06', '2024-11-07 11:14:06'),
(148, 89, 'ESP (Hệ thống ổn định điện tử)', '1', '2024-11-07 11:14:06', '2024-11-07 11:14:06'),
(149, 89, 'TCS (Hệ thống kiểm soát lực kéo)', '1', '2024-11-07 11:14:06', '2024-11-07 11:14:06'),
(150, 89, 'Airbags (Túi khí)', '1', '2024-11-07 11:14:06', '2024-11-07 11:14:06'),
(151, 89, 'Lane Departure Warning (Cảnh báo lệch làn)', '1', '2024-11-07 11:14:06', '2024-11-07 11:14:06'),
(152, 89, 'Blind Spot Monitoring (Giám sát điểm mù)', '1', '2024-11-07 11:14:06', '2024-11-07 11:14:06'),
(153, 89, 'Collision Warning (Cảnh báo va chạm)', '1', '2024-11-07 11:14:06', '2024-11-07 11:14:06'),
(154, 89, 'Automatic Emergency Braking (Phanh khẩn cấp tự động)', '1', '2024-11-07 11:14:06', '2024-11-07 11:14:06'),
(155, 89, 'Traction Control (Kiểm soát lực kéo)', '1', '2024-11-07 11:14:06', '2024-11-07 11:14:06'),
(156, 89, 'Rearview Camera (Camera lùi)', '1', '2024-11-07 11:14:06', '2024-11-07 11:14:06'),
(157, 89, 'Parking Sensors (Cảm biến đỗ xe)', '1', '2024-11-07 11:14:06', '2024-11-07 11:14:06'),
(158, 90, 'Dưới 1000 kg', '1', '2024-11-07 11:15:34', '2024-11-07 11:15:34'),
(159, 90, '1000 kg - 1500 kg', '1', '2024-11-07 11:15:34', '2024-11-07 11:15:34'),
(160, 90, '1500 kg - 2000 kg', '1', '2024-11-07 11:15:34', '2024-11-07 11:15:34'),
(161, 90, '2000 kg - 2500 kg', '1', '2024-11-07 11:15:34', '2024-11-07 11:15:34'),
(162, 90, 'Trên 2500 kg', '1', '2024-11-07 11:15:34', '2024-11-07 11:15:34'),
(163, 94, '2024', '1', '2024-11-07 11:17:23', '2024-11-07 11:17:23'),
(164, 94, '2023', '1', '2024-11-07 11:17:23', '2024-11-07 11:17:23'),
(165, 94, '2022', '1', '2024-11-07 11:17:23', '2024-11-07 11:17:23'),
(166, 94, '2021', '1', '2024-11-07 11:17:23', '2024-11-07 11:17:23'),
(167, 94, '2020', '1', '2024-11-07 11:17:23', '2024-11-07 11:17:23'),
(168, 94, '2019', '1', '2024-11-07 11:17:23', '2024-11-07 11:17:23'),
(169, 94, '2018', '1', '2024-11-07 11:17:23', '2024-11-07 11:17:23'),
(170, 94, '2017', '1', '2024-11-07 11:17:23', '2024-11-07 11:17:23'),
(171, 94, '2016', '1', '2024-11-07 11:17:23', '2024-11-07 11:17:23'),
(172, 94, '2015', '1', '2024-11-07 11:17:23', '2024-11-07 11:17:23'),
(173, 95, 'Đen', '1', '2024-11-07 11:17:58', '2024-11-07 11:17:58'),
(174, 95, 'Trắng', '1', '2024-11-07 11:17:58', '2024-11-07 11:17:58'),
(175, 95, 'Xám', '1', '2024-11-07 11:17:58', '2024-11-07 11:17:58'),
(176, 95, 'Vàng', '1', '2024-11-07 11:17:58', '2024-11-07 11:17:58'),
(177, 95, 'Xanh dương', '1', '2024-11-07 11:17:58', '2024-11-07 11:17:58'),
(178, 95, 'Xanh lá', '1', '2024-11-07 11:17:58', '2024-11-07 11:17:58'),
(179, 95, 'Đỏ', '1', '2024-11-07 11:17:58', '2024-11-07 11:17:58'),
(180, 95, 'Hồng', '1', '2024-11-07 11:17:58', '2024-11-07 11:17:58'),
(181, 95, 'Bạc', '1', '2024-11-07 11:17:58', '2024-11-07 11:17:58'),
(182, 95, 'Vàng đồng', '1', '2024-11-07 11:17:58', '2024-11-07 11:17:58'),
(183, 96, '4GB', '1', '2024-11-07 11:19:13', '2024-11-07 11:19:13'),
(184, 96, '6GB', '1', '2024-11-07 11:19:13', '2024-11-07 11:19:13'),
(185, 96, '8GB', '1', '2024-11-07 11:19:13', '2024-11-07 11:19:13'),
(186, 96, '12GB', '1', '2024-11-07 11:19:13', '2024-11-07 11:19:13'),
(187, 96, '16GB', '1', '2024-11-07 11:19:13', '2024-11-07 11:19:13'),
(188, 96, '32GB', '1', '2024-11-07 11:19:13', '2024-11-07 11:19:13'),
(189, 96, '64GB', '1', '2024-11-07 11:19:13', '2024-11-07 11:19:13'),
(190, 96, '128GB', '1', '2024-11-07 11:19:13', '2024-11-07 11:19:13'),
(191, 96, '256GB', '1', '2024-11-07 11:19:13', '2024-11-07 11:19:13'),
(192, 96, '512GB', '1', '2024-11-07 11:19:13', '2024-11-07 11:19:13'),
(193, 96, '1TB', '1', '2024-11-07 11:19:13', '2024-11-07 11:19:13'),
(194, 97, 'IPS LCD', '1', '2024-11-07 11:19:43', '2024-11-07 11:19:43'),
(195, 97, 'AMOLED', '1', '2024-11-07 11:19:43', '2024-11-07 11:19:43'),
(196, 97, 'OLED', '1', '2024-11-07 11:19:43', '2024-11-07 11:19:43'),
(197, 97, 'TFT LCD', '1', '2024-11-07 11:19:43', '2024-11-07 11:19:43'),
(198, 97, 'Super AMOLED', '1', '2024-11-07 11:19:43', '2024-11-07 11:19:43'),
(199, 97, 'Retina Display', '1', '2024-11-07 11:19:43', '2024-11-07 11:19:43'),
(200, 97, 'LED', '1', '2024-11-07 11:19:43', '2024-11-07 11:19:43'),
(201, 97, 'LCD', '1', '2024-11-07 11:19:43', '2024-11-07 11:19:43'),
(202, 97, 'QLED', '1', '2024-11-07 11:19:43', '2024-11-07 11:19:43'),
(203, 97, 'P-OLED', '1', '2024-11-07 11:19:43', '2024-11-07 11:19:43'),
(204, 98, '4.0 inch', '1', '2024-11-07 11:20:16', '2024-11-07 11:20:16'),
(205, 98, '4.5 inch', '1', '2024-11-07 11:20:16', '2024-11-07 11:20:16'),
(206, 98, '5.0 inch', '1', '2024-11-07 11:20:16', '2024-11-07 11:20:16'),
(207, 98, '5.5 inch', '1', '2024-11-07 11:20:16', '2024-11-07 11:20:16'),
(208, 98, '6.0 inch', '1', '2024-11-07 11:20:16', '2024-11-07 11:20:16'),
(209, 98, '6.5 inch', '1', '2024-11-07 11:20:16', '2024-11-07 11:20:16'),
(210, 98, '6.7 inch', '1', '2024-11-07 11:20:16', '2024-11-07 11:20:16'),
(211, 98, '7.0 inch', '1', '2024-11-07 11:20:16', '2024-11-07 11:20:16'),
(212, 98, '8.0 inch', '1', '2024-11-07 11:20:16', '2024-11-07 11:20:16'),
(213, 98, '10.1 inch', '1', '2024-11-07 11:20:16', '2024-11-07 11:20:16'),
(214, 98, '12.0 inch', '1', '2024-11-07 11:20:16', '2024-11-07 11:20:16'),
(215, 98, '13.3 inch', '1', '2024-11-07 11:20:16', '2024-11-07 11:20:16'),
(216, 98, '15.6 inch', '1', '2024-11-07 11:20:16', '2024-11-07 11:20:16'),
(217, 99, 'Android', '1', '2024-11-07 11:20:45', '2024-11-07 11:20:45'),
(218, 99, 'iOS', '1', '2024-11-07 11:20:45', '2024-11-07 11:20:45'),
(219, 99, 'Windows', '1', '2024-11-07 11:20:45', '2024-11-07 11:20:45'),
(220, 99, 'macOS', '1', '2024-11-07 11:20:45', '2024-11-07 11:20:45'),
(221, 99, 'Linux', '1', '2024-11-07 11:20:45', '2024-11-07 11:20:45'),
(222, 99, 'Chrome OS', '1', '2024-11-07 11:20:45', '2024-11-07 11:20:45'),
(223, 99, 'HarmonyOS', '1', '2024-11-07 11:20:45', '2024-11-07 11:20:45'),
(224, 99, 'Fire OS', '1', '2024-11-07 11:20:45', '2024-11-07 11:20:45'),
(225, 101, '1000 mAh', '1', '2024-11-07 11:22:01', '2024-11-07 11:22:01'),
(226, 101, '1500 mAh', '1', '2024-11-07 11:22:01', '2024-11-07 11:22:01'),
(227, 101, '2000 mAh', '1', '2024-11-07 11:22:02', '2024-11-07 11:22:02'),
(228, 101, '2500 mAh', '1', '2024-11-07 11:22:02', '2024-11-07 11:22:02'),
(229, 101, '3000 mAh', '1', '2024-11-07 11:22:02', '2024-11-07 11:22:02'),
(230, 101, '3500 mAh', '1', '2024-11-07 11:22:02', '2024-11-07 11:22:02'),
(231, 101, '4000 mAh', '1', '2024-11-07 11:22:02', '2024-11-07 11:22:02'),
(232, 101, '4500 mAh', '1', '2024-11-07 11:22:02', '2024-11-07 11:22:02'),
(233, 101, '5000 mAh', '1', '2024-11-07 11:22:02', '2024-11-07 11:22:02'),
(234, 101, '6000 mAh', '1', '2024-11-07 11:22:02', '2024-11-07 11:22:02'),
(235, 101, '7000 mAh', '1', '2024-11-07 11:22:02', '2024-11-07 11:22:02'),
(236, 101, '8000 mAh', '1', '2024-11-07 11:22:02', '2024-11-07 11:22:02'),
(237, 101, '10000 mAh', '1', '2024-11-07 11:22:02', '2024-11-07 11:22:02'),
(238, 102, '2 MP', '1', '2024-11-07 11:22:35', '2024-11-07 11:22:35'),
(239, 102, '5 MP', '1', '2024-11-07 11:22:35', '2024-11-07 11:22:35'),
(240, 102, '8 MP', '1', '2024-11-07 11:22:35', '2024-11-07 11:22:35'),
(241, 102, '12 MP', '1', '2024-11-07 11:22:35', '2024-11-07 11:22:35'),
(242, 102, '13 MP', '1', '2024-11-07 11:22:35', '2024-11-07 11:22:35'),
(243, 102, '16 MP', '1', '2024-11-07 11:22:35', '2024-11-07 11:22:35'),
(244, 102, '20 MP', '1', '2024-11-07 11:22:35', '2024-11-07 11:22:35'),
(245, 102, '48 MP', '1', '2024-11-07 11:22:35', '2024-11-07 11:22:35'),
(246, 102, '64 MP', '1', '2024-11-07 11:22:35', '2024-11-07 11:22:35'),
(247, 102, '108 MP', '1', '2024-11-07 11:22:35', '2024-11-07 11:22:35'),
(248, 102, '200 MP', '1', '2024-11-07 11:22:35', '2024-11-07 11:22:35'),
(249, 103, 'Bluetooth', '1', '2024-11-07 11:23:11', '2024-11-07 11:23:11'),
(250, 103, 'Wi-Fi', '1', '2024-11-07 11:23:11', '2024-11-07 11:23:11'),
(251, 103, 'USB-C', '1', '2024-11-07 11:23:11', '2024-11-07 11:23:11'),
(252, 103, 'USB-A', '1', '2024-11-07 11:23:11', '2024-11-07 11:23:11'),
(253, 103, 'Lightning', '1', '2024-11-07 11:23:11', '2024-11-07 11:23:11'),
(254, 103, 'HDMI', '1', '2024-11-07 11:23:11', '2024-11-07 11:23:11'),
(255, 103, 'NFC', '1', '2024-11-07 11:23:11', '2024-11-07 11:23:11'),
(256, 103, 'Ethernet (LAN)', '1', '2024-11-07 11:23:11', '2024-11-07 11:23:11'),
(257, 103, '3G', '1', '2024-11-07 11:23:11', '2024-11-07 11:23:11'),
(258, 103, '4G', '1', '2024-11-07 11:23:11', '2024-11-07 11:23:11'),
(259, 103, '5G', '1', '2024-11-07 11:23:11', '2024-11-07 11:23:11'),
(260, 103, 'GPS', '1', '2024-11-07 11:23:11', '2024-11-07 11:23:11'),
(261, 103, 'Infrared (IR)', '1', '2024-11-07 11:23:11', '2024-11-07 11:23:11'),
(262, 103, 'DisplayPort', '1', '2024-11-07 11:23:11', '2024-11-07 11:23:11'),
(263, 106, '100g - 200g', '1', '2024-11-07 11:24:09', '2024-11-07 11:24:09'),
(264, 106, '200g - 300g', '1', '2024-11-07 11:24:09', '2024-11-07 11:24:09'),
(265, 106, '300g - 500g', '1', '2024-11-07 11:24:09', '2024-11-07 11:24:09'),
(266, 106, '500g - 1kg', '1', '2024-11-07 11:24:09', '2024-11-07 11:24:09'),
(267, 106, '1kg - 1.5kg', '1', '2024-11-07 11:24:09', '2024-11-07 11:24:09'),
(268, 106, '1.5kg - 2kg', '1', '2024-11-07 11:24:09', '2024-11-07 11:24:09'),
(269, 106, '2kg - 3kg', '1', '2024-11-07 11:24:09', '2024-11-07 11:24:09'),
(270, 106, '3kg - 5kg', '1', '2024-11-07 11:24:09', '2024-11-07 11:24:09'),
(271, 106, '5kg - 10kg', '1', '2024-11-07 11:24:09', '2024-11-07 11:24:09'),
(272, 106, '10kg - 20kg', '1', '2024-11-07 11:24:09', '2024-11-07 11:24:09'),
(273, 110, '2024', '1', '2024-11-07 11:26:10', '2024-11-07 11:26:10'),
(274, 110, '2023', '1', '2024-11-07 11:26:10', '2024-11-07 11:26:10'),
(275, 110, '2022', '1', '2024-11-07 11:26:10', '2024-11-07 11:26:10'),
(276, 110, '2021', '1', '2024-11-07 11:26:10', '2024-11-07 11:26:10'),
(277, 110, '2020', '1', '2024-11-07 11:26:10', '2024-11-07 11:26:10'),
(278, 110, '2019', '1', '2024-11-07 11:26:10', '2024-11-07 11:26:10'),
(279, 110, '2018', '1', '2024-11-07 11:26:10', '2024-11-07 11:26:10'),
(280, 110, '2017', '1', '2024-11-07 11:26:10', '2024-11-07 11:26:10'),
(281, 110, '2016', '1', '2024-11-07 11:26:10', '2024-11-07 11:26:10'),
(282, 110, '2015', '1', '2024-11-07 11:26:10', '2024-11-07 11:26:10'),
(283, 111, 'Đen', '1', '2024-11-07 11:28:18', '2024-11-07 11:28:18'),
(284, 111, 'Trắng', '1', '2024-11-07 11:28:18', '2024-11-07 11:28:18'),
(285, 111, 'Xám', '1', '2024-11-07 11:28:18', '2024-11-07 11:28:18'),
(286, 111, 'Bạc', '1', '2024-11-07 11:28:18', '2024-11-07 11:28:18'),
(287, 111, 'Vàng', '1', '2024-11-07 11:28:18', '2024-11-07 11:28:18'),
(288, 111, 'Đỏ', '1', '2024-11-07 11:28:18', '2024-11-07 11:28:18'),
(289, 111, 'Xanh dương', '1', '2024-11-07 11:28:18', '2024-11-07 11:28:18'),
(290, 111, 'Xanh lá', '1', '2024-11-07 11:28:18', '2024-11-07 11:28:18'),
(291, 111, 'Cam', '1', '2024-11-07 11:28:18', '2024-11-07 11:28:18'),
(292, 111, 'Hồng', '1', '2024-11-07 11:28:18', '2024-11-07 11:28:18'),
(293, 111, 'Nâu', '1', '2024-11-07 11:28:18', '2024-11-07 11:28:18'),
(294, 111, 'Vàng đồng', '1', '2024-11-07 11:28:18', '2024-11-07 11:28:18'),
(295, 111, 'Xanh đậm', '1', '2024-11-07 11:28:18', '2024-11-07 11:28:18'),
(296, 111, 'Xanh nhạt', '1', '2024-11-07 11:28:18', '2024-11-07 11:28:18'),
(297, 112, '50W', '1', '2024-11-07 11:29:45', '2024-11-07 11:29:45'),
(298, 112, '100W', '1', '2024-11-07 11:29:45', '2024-11-07 11:29:45'),
(299, 112, '200W', '1', '2024-11-07 11:29:45', '2024-11-07 11:29:45'),
(300, 112, '300W', '1', '2024-11-07 11:29:45', '2024-11-07 11:29:45'),
(301, 112, '500W', '1', '2024-11-07 11:29:45', '2024-11-07 11:29:45'),
(302, 112, '700W', '1', '2024-11-07 11:29:45', '2024-11-07 11:29:45'),
(303, 112, '1000W', '1', '2024-11-07 11:29:45', '2024-11-07 11:29:45'),
(304, 112, '1500W', '1', '2024-11-07 11:29:45', '2024-11-07 11:29:45'),
(305, 112, '2000W', '1', '2024-11-07 11:29:45', '2024-11-07 11:29:45'),
(306, 112, '2500W', '1', '2024-11-07 11:29:45', '2024-11-07 11:29:45'),
(307, 113, '0.5L', '1', '2024-11-07 11:30:39', '2024-11-07 11:30:39'),
(308, 113, '1L', '1', '2024-11-07 11:30:39', '2024-11-07 11:30:39'),
(309, 113, '1.5L', '1', '2024-11-07 11:30:39', '2024-11-07 11:30:39'),
(310, 113, '2L', '1', '2024-11-07 11:30:39', '2024-11-07 11:30:39'),
(311, 113, '2.5L', '1', '2024-11-07 11:30:39', '2024-11-07 11:30:39'),
(312, 113, '3L', '1', '2024-11-07 11:30:39', '2024-11-07 11:30:39'),
(313, 113, '3.5L', '1', '2024-11-07 11:30:39', '2024-11-07 11:30:39'),
(314, 113, '4L', '1', '2024-11-07 11:30:39', '2024-11-07 11:30:39'),
(315, 113, '5L', '1', '2024-11-07 11:30:39', '2024-11-07 11:30:39'),
(316, 113, '10L', '1', '2024-11-07 11:30:39', '2024-11-07 11:30:39'),
(317, 114, 'Thép không gỉ', '1', '2024-11-07 11:31:32', '2024-11-07 11:31:32'),
(318, 114, 'Nhôm', '1', '2024-11-07 11:31:32', '2024-11-07 11:31:32'),
(319, 114, 'Nhựa', '1', '2024-11-07 11:31:32', '2024-11-07 11:31:32'),
(320, 114, 'Thủy tinh', '1', '2024-11-07 11:31:32', '2024-11-07 11:31:32'),
(321, 114, 'Gốm', '1', '2024-11-07 11:31:32', '2024-11-07 11:31:32'),
(322, 114, 'Sứ', '1', '2024-11-07 11:31:32', '2024-11-07 11:31:32'),
(323, 114, 'Đồng', '1', '2024-11-07 11:31:32', '2024-11-07 11:31:32'),
(324, 114, 'Hợp kim', '1', '2024-11-07 11:31:32', '2024-11-07 11:31:32'),
(325, 114, 'Silicon', '1', '2024-11-07 11:31:32', '2024-11-07 11:31:32'),
(326, 114, 'Gang', '1', '2024-11-07 11:31:32', '2024-11-07 11:31:32'),
(327, 119, 'Dưới 0.5 kg', '1', '2024-11-07 11:32:51', '2024-11-07 11:32:51'),
(328, 119, '0.5 - 1 kg', '1', '2024-11-07 11:32:51', '2024-11-07 11:32:51'),
(329, 119, '1 - 2 kg', '1', '2024-11-07 11:32:51', '2024-11-07 11:32:51'),
(330, 119, '2 - 5 kg', '1', '2024-11-07 11:32:51', '2024-11-07 11:32:51'),
(331, 119, '5 - 10 kg', '1', '2024-11-07 11:32:51', '2024-11-07 11:32:51'),
(332, 119, '10 - 20 kg', '1', '2024-11-07 11:32:51', '2024-11-07 11:32:51'),
(333, 119, '20 - 30 kg', '1', '2024-11-07 11:32:51', '2024-11-07 11:32:51'),
(334, 119, 'Trên 30 kg', '1', '2024-11-07 11:32:51', '2024-11-07 11:32:51'),
(335, 124, 'Đỏ', '1', '2024-11-07 12:55:44', '2024-11-07 12:55:44'),
(336, 124, 'Xanh', '1', '2024-11-07 12:55:44', '2024-11-07 12:55:44'),
(337, 124, 'Vàng', '1', '2024-11-07 12:55:44', '2024-11-07 12:55:44'),
(338, 124, 'Xanh dương', '1', '2024-11-07 12:55:44', '2024-11-07 12:55:44'),
(339, 124, 'Trắng', '1', '2024-11-07 12:55:44', '2024-11-07 12:55:44'),
(340, 124, 'Đen', '1', '2024-11-07 12:55:44', '2024-11-07 12:55:44'),
(341, 124, 'Hồng', '1', '2024-11-07 12:55:44', '2024-11-07 12:55:44'),
(342, 124, 'Cam', '1', '2024-11-07 12:55:44', '2024-11-07 12:55:44'),
(343, 124, 'Tím', '1', '2024-11-07 12:55:44', '2024-11-07 12:55:44'),
(344, 124, 'Nâu', '1', '2024-11-07 12:55:44', '2024-11-07 12:55:44'),
(345, 124, 'Xám', '1', '2024-11-07 12:55:44', '2024-11-07 12:55:44'),
(346, 124, 'Be', '1', '2024-11-07 12:55:44', '2024-11-07 12:55:44'),
(347, 125, 'Nhựa', '1', '2024-11-07 12:56:16', '2024-11-07 12:56:16'),
(348, 125, 'Kim loại', '1', '2024-11-07 12:56:16', '2024-11-07 12:56:16'),
(349, 125, 'Gỗ', '1', '2024-11-07 12:56:16', '2024-11-07 12:56:16'),
(350, 125, 'Vải', '1', '2024-11-07 12:56:16', '2024-11-07 12:56:16'),
(351, 125, 'Thép', '1', '2024-11-07 12:56:16', '2024-11-07 12:56:16'),
(352, 125, 'Kính', '1', '2024-11-07 12:56:16', '2024-11-07 12:56:16'),
(353, 125, 'Da', '1', '2024-11-07 12:56:16', '2024-11-07 12:56:16'),
(354, 125, 'Cao su', '1', '2024-11-07 12:56:16', '2024-11-07 12:56:16'),
(355, 125, 'Sứ', '1', '2024-11-07 12:56:16', '2024-11-07 12:56:16'),
(356, 125, 'Mica', '1', '2024-11-07 12:56:16', '2024-11-07 12:56:16'),
(357, 125, 'Silicone', '1', '2024-11-07 12:56:16', '2024-11-07 12:56:16'),
(358, 127, '100W', '1', '2024-11-07 12:57:43', '2024-11-07 12:57:43'),
(359, 127, '200W', '1', '2024-11-07 12:57:43', '2024-11-07 12:57:43'),
(360, 127, '300W', '1', '2024-11-07 12:57:43', '2024-11-07 12:57:43'),
(361, 127, '500W', '1', '2024-11-07 12:57:43', '2024-11-07 12:57:43'),
(362, 127, '1000W', '1', '2024-11-07 12:57:43', '2024-11-07 12:57:43'),
(363, 127, '1500W', '1', '2024-11-07 12:57:43', '2024-11-07 12:57:43'),
(364, 127, '2000W', '1', '2024-11-07 12:57:43', '2024-11-07 12:57:43'),
(365, 127, '2500W', '1', '2024-11-07 12:57:43', '2024-11-07 12:57:43'),
(366, 130, 'Dưới 1kg', '1', '2024-11-07 12:57:54', '2024-11-07 12:57:54'),
(367, 130, '1kg - 2kg', '1', '2024-11-07 12:57:54', '2024-11-07 12:57:54'),
(368, 130, '2kg - 5kg', '1', '2024-11-07 12:57:54', '2024-11-07 12:57:54'),
(369, 130, '5kg - 10kg', '1', '2024-11-07 12:57:54', '2024-11-07 12:57:54'),
(370, 130, 'Trên 10kg', '1', '2024-11-07 12:57:54', '2024-11-07 12:57:54'),
(371, 134, '2020', '1', '2024-11-07 12:58:44', '2024-11-07 12:58:44'),
(372, 134, '2021', '1', '2024-11-07 12:58:44', '2024-11-07 12:58:44'),
(373, 134, '2022', '1', '2024-11-07 12:58:44', '2024-11-07 12:58:44'),
(374, 134, '2023', '1', '2024-11-07 12:58:44', '2024-11-07 12:58:44'),
(375, 134, '2024', '1', '2024-11-07 12:58:44', '2024-11-07 12:58:44'),
(376, 135, 'Đỏ', '1', '2024-11-07 12:59:17', '2024-11-07 12:59:17'),
(377, 135, 'Xanh', '1', '2024-11-07 12:59:17', '2024-11-07 12:59:17'),
(378, 135, 'Vàng', '1', '2024-11-07 12:59:17', '2024-11-07 12:59:17'),
(379, 135, 'Xanh dương', '1', '2024-11-07 12:59:17', '2024-11-07 12:59:17'),
(380, 135, 'Trắng', '1', '2024-11-07 12:59:17', '2024-11-07 12:59:17'),
(381, 135, 'Đen', '1', '2024-11-07 12:59:17', '2024-11-07 12:59:17'),
(382, 135, 'Hồng', '1', '2024-11-07 12:59:17', '2024-11-07 12:59:17'),
(383, 135, 'Cam', '1', '2024-11-07 12:59:17', '2024-11-07 12:59:17'),
(384, 135, 'Tím', '1', '2024-11-07 12:59:17', '2024-11-07 12:59:17'),
(385, 135, 'Nâu', '1', '2024-11-07 12:59:17', '2024-11-07 12:59:17'),
(386, 135, 'Xám', '1', '2024-11-07 12:59:17', '2024-11-07 12:59:17'),
(387, 135, 'Be', '1', '2024-11-07 12:59:17', '2024-11-07 12:59:17'),
(388, 135, 'Vàng kim', '1', '2024-11-07 12:59:17', '2024-11-07 12:59:17'),
(389, 135, 'Bạc', '1', '2024-11-07 12:59:17', '2024-11-07 12:59:17'),
(390, 136, 'Cotton', '1', '2024-11-07 12:59:38', '2024-11-07 12:59:38'),
(391, 136, 'Da', '1', '2024-11-07 12:59:38', '2024-11-07 12:59:38'),
(392, 136, 'Vải', '1', '2024-11-07 12:59:38', '2024-11-07 12:59:38'),
(393, 136, 'Len', '1', '2024-11-07 12:59:38', '2024-11-07 12:59:38'),
(394, 136, 'Lụa', '1', '2024-11-07 12:59:38', '2024-11-07 12:59:38'),
(395, 136, 'Polyester', '1', '2024-11-07 12:59:38', '2024-11-07 12:59:38'),
(396, 136, 'Nỉ', '1', '2024-11-07 12:59:38', '2024-11-07 12:59:38'),
(397, 136, 'Thun', '1', '2024-11-07 12:59:38', '2024-11-07 12:59:38'),
(398, 136, 'Nylon', '1', '2024-11-07 12:59:38', '2024-11-07 12:59:38'),
(399, 136, 'Spandex', '1', '2024-11-07 12:59:38', '2024-11-07 12:59:38'),
(400, 136, 'Cao su', '1', '2024-11-07 12:59:38', '2024-11-07 12:59:38'),
(401, 136, 'Nhựa', '1', '2024-11-07 12:59:38', '2024-11-07 12:59:38'),
(402, 136, 'Gỗ', '1', '2024-11-07 12:59:38', '2024-11-07 12:59:38'),
(403, 137, 'S', '1', '2024-11-07 13:00:09', '2024-11-07 13:00:09'),
(404, 137, 'M', '1', '2024-11-07 13:00:09', '2024-11-07 13:00:09'),
(405, 137, 'L', '1', '2024-11-07 13:00:09', '2024-11-07 13:00:09'),
(406, 137, 'XL', '1', '2024-11-07 13:00:09', '2024-11-07 13:00:09'),
(407, 137, 'XXL', '1', '2024-11-07 13:00:09', '2024-11-07 13:00:09'),
(408, 137, 'XXXL', '1', '2024-11-07 13:00:09', '2024-11-07 13:00:09'),
(409, 137, '35', '1', '2024-11-07 13:00:09', '2024-11-07 13:00:09'),
(410, 137, '36', '1', '2024-11-07 13:00:09', '2024-11-07 13:00:09'),
(411, 137, '37', '1', '2024-11-07 13:00:09', '2024-11-07 13:00:09'),
(412, 137, '38', '1', '2024-11-07 13:00:09', '2024-11-07 13:00:09'),
(413, 137, '39', '1', '2024-11-07 13:00:09', '2024-11-07 13:00:09'),
(414, 137, '40', '1', '2024-11-07 13:00:09', '2024-11-07 13:00:09'),
(415, 137, '41', '1', '2024-11-07 13:00:09', '2024-11-07 13:00:09'),
(416, 137, '42', '1', '2024-11-07 13:00:09', '2024-11-07 13:00:09'),
(417, 137, '43', '1', '2024-11-07 13:00:09', '2024-11-07 13:00:09'),
(418, 137, '44', '1', '2024-11-07 13:00:09', '2024-11-07 13:00:09'),
(419, 137, '45', '1', '2024-11-07 13:00:09', '2024-11-07 13:00:09'),
(420, 138, 'Cổ điển', '1', '2024-11-07 13:00:30', '2024-11-07 13:00:30'),
(421, 138, 'Hiện đại', '1', '2024-11-07 13:00:30', '2024-11-07 13:00:30'),
(422, 138, 'Thể thao', '1', '2024-11-07 13:00:30', '2024-11-07 13:00:30'),
(423, 138, 'Dạo phố', '1', '2024-11-07 13:00:30', '2024-11-07 13:00:30'),
(424, 138, 'Công sở', '1', '2024-11-07 13:00:30', '2024-11-07 13:00:30'),
(425, 138, 'Đường phố', '1', '2024-11-07 13:00:30', '2024-11-07 13:00:30'),
(426, 138, 'Boho', '1', '2024-11-07 13:00:30', '2024-11-07 13:00:30'),
(427, 138, 'Vintage', '1', '2024-11-07 13:00:30', '2024-11-07 13:00:30'),
(428, 138, 'Sang trọng', '1', '2024-11-07 13:00:30', '2024-11-07 13:00:30'),
(429, 138, 'Cá tính', '1', '2024-11-07 13:00:30', '2024-11-07 13:00:30'),
(430, 138, 'Tối giản', '1', '2024-11-07 13:00:30', '2024-11-07 13:00:30'),
(431, 138, 'Năng động', '1', '2024-11-07 13:00:30', '2024-11-07 13:00:30'),
(432, 138, 'Phong cách trẻ trung', '1', '2024-11-07 13:00:30', '2024-11-07 13:00:30'),
(433, 138, 'Thanh lịch', '1', '2024-11-07 13:00:30', '2024-11-07 13:00:30'),
(434, 138, 'Quý phái', '1', '2024-11-07 13:00:30', '2024-11-07 13:00:30'),
(435, 139, 'Dài', '1', '2024-11-07 13:00:57', '2024-11-07 13:00:57'),
(436, 139, 'Ngắn', '1', '2024-11-07 13:00:57', '2024-11-07 13:00:57'),
(437, 139, 'Ôm', '1', '2024-11-07 13:00:57', '2024-11-07 13:00:57'),
(438, 139, 'Suông', '1', '2024-11-07 13:00:57', '2024-11-07 13:00:57'),
(439, 139, 'Xòe', '1', '2024-11-07 13:00:57', '2024-11-07 13:00:57'),
(440, 139, 'Cropped', '1', '2024-11-07 13:00:57', '2024-11-07 13:00:57'),
(441, 139, 'Bodycon', '1', '2024-11-07 13:00:57', '2024-11-07 13:00:57'),
(442, 139, 'Quá khổ', '1', '2024-11-07 13:00:57', '2024-11-07 13:00:57'),
(443, 139, 'Lưng cao', '1', '2024-11-07 13:00:57', '2024-11-07 13:00:57'),
(444, 139, 'Lưng thấp', '1', '2024-11-07 13:00:57', '2024-11-07 13:00:57'),
(445, 139, 'Quần ống rộng', '1', '2024-11-07 13:00:57', '2024-11-07 13:00:57'),
(446, 139, 'Quần ống bó', '1', '2024-11-07 13:00:57', '2024-11-07 13:00:57'),
(447, 139, 'Giày bít mũi', '1', '2024-11-07 13:00:57', '2024-11-07 13:00:57'),
(448, 139, 'Giày hở mũi', '1', '2024-11-07 13:00:57', '2024-11-07 13:00:57'),
(449, 139, 'Túi xách đeo chéo', '1', '2024-11-07 13:00:57', '2024-11-07 13:00:57'),
(450, 139, 'Túi xách cầm tay', '1', '2024-11-07 13:00:57', '2024-11-07 13:00:57'),
(451, 140, 'Nike', '1', '2024-11-07 13:01:20', '2024-11-07 13:01:20'),
(452, 140, 'Adidas', '1', '2024-11-07 13:01:20', '2024-11-07 13:01:20'),
(453, 140, 'Puma', '1', '2024-11-07 13:01:20', '2024-11-07 13:01:20'),
(454, 140, 'Reebok', '1', '2024-11-07 13:01:20', '2024-11-07 13:01:20'),
(455, 140, 'Levi\'s', '1', '2024-11-07 13:01:20', '2024-11-07 13:01:20'),
(456, 140, 'Calvin Klein', '1', '2024-11-07 13:01:20', '2024-11-07 13:01:20'),
(457, 140, 'Tommy Hilfiger', '1', '2024-11-07 13:01:20', '2024-11-07 13:01:20'),
(458, 140, 'Lacoste', '1', '2024-11-07 13:01:20', '2024-11-07 13:01:20'),
(459, 140, 'H&M', '1', '2024-11-07 13:01:20', '2024-11-07 13:01:20'),
(460, 140, 'Zara', '1', '2024-11-07 13:01:20', '2024-11-07 13:01:20'),
(461, 140, 'Uniqlo', '1', '2024-11-07 13:01:20', '2024-11-07 13:01:20'),
(462, 140, 'Gucci', '1', '2024-11-07 13:01:20', '2024-11-07 13:01:20'),
(463, 140, 'Louis Vuitton', '1', '2024-11-07 13:01:20', '2024-11-07 13:01:20'),
(464, 140, 'Chanel', '1', '2024-11-07 13:01:20', '2024-11-07 13:01:20'),
(465, 140, 'Prada', '1', '2024-11-07 13:01:20', '2024-11-07 13:01:20'),
(466, 140, 'Coach', '1', '2024-11-07 13:01:20', '2024-11-07 13:01:20'),
(467, 140, 'Kate Spade', '1', '2024-11-07 13:01:20', '2024-11-07 13:01:20'),
(468, 140, 'Michael Kors', '1', '2024-11-07 13:01:20', '2024-11-07 13:01:20'),
(469, 140, 'Fossil', '1', '2024-11-07 13:01:20', '2024-11-07 13:01:20'),
(470, 140, 'Ray-Ban', '1', '2024-11-07 13:01:20', '2024-11-07 13:01:20'),
(471, 140, 'Oakley', '1', '2024-11-07 13:01:20', '2024-11-07 13:01:20'),
(472, 146, '2024', '1', '2024-11-07 13:02:20', '2024-11-07 13:02:20'),
(473, 146, '2023', '1', '2024-11-07 13:02:20', '2024-11-07 13:02:20'),
(474, 146, '2022', '1', '2024-11-07 13:02:20', '2024-11-07 13:02:20'),
(475, 146, '2021', '1', '2024-11-07 13:02:20', '2024-11-07 13:02:20'),
(476, 146, '2020', '1', '2024-11-07 13:02:20', '2024-11-07 13:02:20'),
(477, 146, '2019', '1', '2024-11-07 13:02:20', '2024-11-07 13:02:20'),
(478, 146, '2018', '1', '2024-11-07 13:02:20', '2024-11-07 13:02:20'),
(479, 146, '2017', '1', '2024-11-07 13:02:20', '2024-11-07 13:02:20'),
(480, 146, '2016', '1', '2024-11-07 13:02:20', '2024-11-07 13:02:20'),
(481, 146, '2015', '1', '2024-11-07 13:02:20', '2024-11-07 13:02:20'),
(482, 146, '2014', '1', '2024-11-07 13:02:20', '2024-11-07 13:02:20'),
(483, 146, '2013', '1', '2024-11-07 13:02:20', '2024-11-07 13:02:20'),
(484, 146, '2012', '1', '2024-11-07 13:02:20', '2024-11-07 13:02:20'),
(485, 146, '2011', '1', '2024-11-07 13:02:20', '2024-11-07 13:02:20'),
(486, 146, '2010', '1', '2024-11-07 13:02:20', '2024-11-07 13:02:20'),
(487, 147, 'Đỏ', '1', '2024-11-07 13:02:55', '2024-11-07 13:02:55'),
(488, 147, 'Xanh dương', '1', '2024-11-07 13:02:55', '2024-11-07 13:02:55'),
(489, 147, 'Xanh lá cây', '1', '2024-11-07 13:02:55', '2024-11-07 13:02:55'),
(490, 147, 'Vàng', '1', '2024-11-07 13:02:55', '2024-11-07 13:02:55'),
(491, 147, 'Trắng', '1', '2024-11-07 13:02:55', '2024-11-07 13:02:55'),
(492, 147, 'Đen', '1', '2024-11-07 13:02:55', '2024-11-07 13:02:55'),
(493, 147, 'Xám', '1', '2024-11-07 13:02:55', '2024-11-07 13:02:55'),
(494, 147, 'Cam', '1', '2024-11-07 13:02:55', '2024-11-07 13:02:55'),
(495, 147, 'Hồng', '1', '2024-11-07 13:02:55', '2024-11-07 13:02:55'),
(496, 147, 'Tím', '1', '2024-11-07 13:02:55', '2024-11-07 13:02:55'),
(497, 147, 'Nâu', '1', '2024-11-07 13:02:55', '2024-11-07 13:02:55'),
(498, 147, 'Be', '1', '2024-11-07 13:02:55', '2024-11-07 13:02:55'),
(499, 147, 'Bạc', '1', '2024-11-07 13:02:55', '2024-11-07 13:02:55'),
(500, 147, 'Vàng kim', '1', '2024-11-07 13:02:55', '2024-11-07 13:02:55'),
(501, 147, 'Xanh lam', '1', '2024-11-07 13:02:55', '2024-11-07 13:02:55'),
(502, 148, 'Vải Polyester', '1', '2024-11-07 13:03:18', '2024-11-07 13:03:18'),
(503, 148, 'Vải Cotton', '1', '2024-11-07 13:03:18', '2024-11-07 13:03:18'),
(504, 148, 'Vải Spandex', '1', '2024-11-07 13:03:18', '2024-11-07 13:03:18'),
(505, 148, 'Nylon', '1', '2024-11-07 13:03:18', '2024-11-07 13:03:18'),
(506, 148, 'Da', '1', '2024-11-07 13:03:18', '2024-11-07 13:03:18'),
(507, 148, 'Cao su', '1', '2024-11-07 13:03:18', '2024-11-07 13:03:18'),
(508, 148, 'Nhựa', '1', '2024-11-07 13:03:18', '2024-11-07 13:03:18'),
(509, 148, 'Kim loại', '1', '2024-11-07 13:03:18', '2024-11-07 13:03:18'),
(510, 148, 'Thép không gỉ', '1', '2024-11-07 13:03:18', '2024-11-07 13:03:18'),
(511, 148, 'Gỗ', '1', '2024-11-07 13:03:18', '2024-11-07 13:03:18'),
(512, 148, 'Sợi tổng hợp', '1', '2024-11-07 13:03:18', '2024-11-07 13:03:18'),
(513, 148, 'Silicon', '1', '2024-11-07 13:03:18', '2024-11-07 13:03:18'),
(514, 148, 'Kevlar', '1', '2024-11-07 13:03:18', '2024-11-07 13:03:18'),
(515, 148, 'Lưới (Mesh)', '1', '2024-11-07 13:03:18', '2024-11-07 13:03:18'),
(516, 148, 'Bạt', '1', '2024-11-07 13:03:18', '2024-11-07 13:03:18'),
(517, 148, 'Vải Polyester', '1', '2024-11-07 13:03:39', '2024-11-07 13:03:39'),
(518, 148, 'Vải Cotton', '1', '2024-11-07 13:03:39', '2024-11-07 13:03:39'),
(519, 148, 'Vải Spandex', '1', '2024-11-07 13:03:39', '2024-11-07 13:03:39'),
(520, 148, 'Da', '1', '2024-11-07 13:03:39', '2024-11-07 13:03:39'),
(521, 148, 'Cao su', '1', '2024-11-07 13:03:39', '2024-11-07 13:03:39'),
(522, 148, 'Nhựa', '1', '2024-11-07 13:03:39', '2024-11-07 13:03:39'),
(523, 148, 'Kim loại', '1', '2024-11-07 13:03:39', '2024-11-07 13:03:39'),
(524, 148, 'Thép không gỉ', '1', '2024-11-07 13:03:39', '2024-11-07 13:03:39'),
(525, 148, 'Gỗ', '1', '2024-11-07 13:03:39', '2024-11-07 13:03:39'),
(526, 148, 'Silicon', '1', '2024-11-07 13:03:39', '2024-11-07 13:03:39'),
(527, 148, 'Kevlar', '1', '2024-11-07 13:03:39', '2024-11-07 13:03:39'),
(528, 148, 'Nylon', '1', '2024-11-07 13:03:39', '2024-11-07 13:03:39'),
(529, 148, 'Bạt', '1', '2024-11-07 13:03:39', '2024-11-07 13:03:39'),
(530, 148, 'Sợi tổng hợp', '1', '2024-11-07 13:03:39', '2024-11-07 13:03:39'),
(531, 149, 'S', '1', '2024-11-07 13:04:54', '2024-11-07 13:04:54'),
(532, 149, 'M', '1', '2024-11-07 13:04:54', '2024-11-07 13:04:54'),
(533, 149, 'L', '1', '2024-11-07 13:04:54', '2024-11-07 13:04:54'),
(534, 149, 'XL', '1', '2024-11-07 13:04:54', '2024-11-07 13:04:54'),
(535, 149, 'XXL', '1', '2024-11-07 13:04:54', '2024-11-07 13:04:54'),
(536, 149, 'XXXL', '1', '2024-11-07 13:04:54', '2024-11-07 13:04:54'),
(537, 149, '1m x 2m', '1', '2024-11-07 13:04:54', '2024-11-07 13:04:54'),
(538, 149, '30cm x 30cm', '1', '2024-11-07 13:04:54', '2024-11-07 13:04:54'),
(539, 149, '50cm x 50cm', '1', '2024-11-07 13:04:54', '2024-11-07 13:04:54'),
(540, 149, '5 inch', '1', '2024-11-07 13:04:54', '2024-11-07 13:04:54'),
(541, 149, '6 inch', '1', '2024-11-07 13:04:54', '2024-11-07 13:04:54'),
(542, 149, '10 inch', '1', '2024-11-07 13:04:54', '2024-11-07 13:04:54'),
(543, 149, '12 inch', '1', '2024-11-07 13:04:54', '2024-11-07 13:04:54'),
(544, 149, '14 inch', '1', '2024-11-07 13:04:54', '2024-11-07 13:04:54'),
(545, 149, '16 inch', '1', '2024-11-07 13:04:54', '2024-11-07 13:04:54'),
(546, 149, '18 inch', '1', '2024-11-07 13:04:54', '2024-11-07 13:04:54'),
(547, 150, '100W', '1', '2024-11-07 13:05:33', '2024-11-07 13:05:33'),
(548, 150, '200W', '1', '2024-11-07 13:05:33', '2024-11-07 13:05:33'),
(549, 150, '300W', '1', '2024-11-07 13:05:33', '2024-11-07 13:05:33'),
(550, 150, '500W', '1', '2024-11-07 13:05:33', '2024-11-07 13:05:33'),
(551, 150, '600W', '1', '2024-11-07 13:05:33', '2024-11-07 13:05:33'),
(552, 150, '700W', '1', '2024-11-07 13:05:33', '2024-11-07 13:05:33'),
(553, 150, '800W', '1', '2024-11-07 13:05:33', '2024-11-07 13:05:33'),
(554, 150, '1000W', '1', '2024-11-07 13:05:33', '2024-11-07 13:05:33'),
(555, 150, '1200W', '1', '2024-11-07 13:05:33', '2024-11-07 13:05:33'),
(556, 150, '1500W', '1', '2024-11-07 13:05:33', '2024-11-07 13:05:33'),
(557, 150, '2000W', '1', '2024-11-07 13:05:33', '2024-11-07 13:05:33'),
(558, 150, '2500W', '1', '2024-11-07 13:05:33', '2024-11-07 13:05:33'),
(559, 150, '3000W', '1', '2024-11-07 13:05:33', '2024-11-07 13:05:33'),
(560, 154, '100g', '1', '2024-11-07 13:05:51', '2024-11-07 13:05:51'),
(561, 154, '200g', '1', '2024-11-07 13:05:51', '2024-11-07 13:05:51'),
(562, 154, '300g', '1', '2024-11-07 13:05:51', '2024-11-07 13:05:51'),
(563, 154, '500g', '1', '2024-11-07 13:05:51', '2024-11-07 13:05:51'),
(564, 154, '1kg', '1', '2024-11-07 13:05:51', '2024-11-07 13:05:51'),
(565, 154, '1.5kg', '1', '2024-11-07 13:05:51', '2024-11-07 13:05:51'),
(566, 154, '2kg', '1', '2024-11-07 13:05:51', '2024-11-07 13:05:51'),
(567, 154, '3kg', '1', '2024-11-07 13:05:51', '2024-11-07 13:05:51'),
(568, 154, '5kg', '1', '2024-11-07 13:05:51', '2024-11-07 13:05:51'),
(569, 154, '7kg', '1', '2024-11-07 13:05:51', '2024-11-07 13:05:51'),
(570, 154, '10kg', '1', '2024-11-07 13:05:51', '2024-11-07 13:05:51'),
(571, 154, '15kg', '1', '2024-11-07 13:05:51', '2024-11-07 13:05:51'),
(572, 154, '20kg', '1', '2024-11-07 13:05:51', '2024-11-07 13:05:51'),
(573, 158, '2023', '1', '2024-11-07 13:06:25', '2024-11-07 13:06:25'),
(574, 158, '2022', '1', '2024-11-07 13:06:25', '2024-11-07 13:06:25'),
(575, 158, '2021', '1', '2024-11-07 13:06:25', '2024-11-07 13:06:25'),
(576, 158, '2020', '1', '2024-11-07 13:06:25', '2024-11-07 13:06:25'),
(577, 158, '2019', '1', '2024-11-07 13:06:25', '2024-11-07 13:06:25'),
(578, 158, '2018', '1', '2024-11-07 13:06:25', '2024-11-07 13:06:25'),
(579, 158, '2017', '1', '2024-11-07 13:06:25', '2024-11-07 13:06:25'),
(580, 158, '2016', '1', '2024-11-07 13:06:25', '2024-11-07 13:06:25'),
(581, 158, '2015', '1', '2024-11-07 13:06:25', '2024-11-07 13:06:25'),
(582, 158, '2014', '1', '2024-11-07 13:06:25', '2024-11-07 13:06:25'),
(583, 158, '2013', '1', '2024-11-07 13:06:25', '2024-11-07 13:06:25'),
(584, 158, '2012', '1', '2024-11-07 13:06:25', '2024-11-07 13:06:25'),
(585, 158, '2011', '1', '2024-11-07 13:06:25', '2024-11-07 13:06:25'),
(586, 158, '2010', '1', '2024-11-07 13:06:25', '2024-11-07 13:06:25'),
(587, 158, '2009', '1', '2024-11-07 13:06:25', '2024-11-07 13:06:25'),
(588, 158, '2008', '1', '2024-11-07 13:06:25', '2024-11-07 13:06:25'),
(589, 158, '2007', '1', '2024-11-07 13:06:25', '2024-11-07 13:06:25'),
(590, 159, 'Nhà xuất bản Trẻ', '1', '2024-11-07 13:06:56', '2024-11-07 13:06:56'),
(591, 159, 'Nhà xuất bản Giáo dục Việt Nam', '1', '2024-11-07 13:06:56', '2024-11-07 13:06:56'),
(592, 159, 'Nhà xuất bản Kim Đồng', '1', '2024-11-07 13:06:56', '2024-11-07 13:06:56'),
(593, 159, 'Nhà xuất bản Dân trí', '1', '2024-11-07 13:06:56', '2024-11-07 13:06:56'),
(594, 159, 'Nhà xuất bản Thế Giới', '1', '2024-11-07 13:06:56', '2024-11-07 13:06:56'),
(595, 159, 'Nhà xuất bản Phụ Nữ', '1', '2024-11-07 13:06:56', '2024-11-07 13:06:56'),
(596, 159, 'Nhà xuất bản Lao Động', '1', '2024-11-07 13:06:56', '2024-11-07 13:06:56'),
(597, 159, 'Nhà xuất bản Hà Nội', '1', '2024-11-07 13:06:56', '2024-11-07 13:06:56'),
(598, 159, 'Nhà xuất bản Văn Hóa Thông Tin', '1', '2024-11-07 13:06:56', '2024-11-07 13:06:56'),
(599, 159, 'Nhà xuất bản Từ điển Bách khoa', '1', '2024-11-07 13:06:56', '2024-11-07 13:06:56'),
(600, 159, 'Nhà xuất bản Hội Nhà Văn', '1', '2024-11-07 13:06:56', '2024-11-07 13:06:56'),
(601, 159, 'Nhà xuất bản ĐH Quốc Gia TP.HCM', '1', '2024-11-07 13:06:56', '2024-11-07 13:06:56'),
(602, 159, 'Nhà xuất bản Nhã Nam', '1', '2024-11-07 13:06:56', '2024-11-07 13:06:56'),
(603, 159, 'Nhà xuất bản Lao Động - Xã Hội', '1', '2024-11-07 13:06:56', '2024-11-07 13:06:56'),
(604, 163, 'Một cuốn tiểu thuyết lãng mạn về tình yêu, khao khát và sự hy sinh.', '1', '2024-11-07 13:07:47', '2024-11-07 13:07:47'),
(605, 163, 'Cuốn sách khoa học viễn tưởng mang đến một thế giới tưởng tượng, nơi mà công nghệ và nhân loại giao thoa.', '1', '2024-11-07 13:07:47', '2024-11-07 13:07:47'),
(606, 163, 'Bộ sách giúp người đọc phát triển kỹ năng lãnh đạo và quản lý thời gian hiệu quả.', '1', '2024-11-07 13:07:47', '2024-11-07 13:07:47'),
(607, 163, 'Một tác phẩm lịch sử khắc họa chi tiết về cuộc sống và chiến tranh thời kỳ cổ đại.', '1', '2024-11-07 13:07:47', '2024-11-07 13:07:47'),
(608, 163, 'Cuốn sách với các bài học về tinh thần doanh nhân và cách thức xây dựng một thương hiệu thành công.', '1', '2024-11-07 13:07:47', '2024-11-07 13:07:47'),
(609, 163, 'Cuốn tiểu thuyết trinh thám hấp dẫn với các tình tiết gay cấn, đầy bất ngờ.', '1', '2024-11-07 13:07:47', '2024-11-07 13:07:47');

-- --------------------------------------------------------

--
-- Cấu trúc bảng cho bảng `carts`
--

CREATE TABLE `carts` (
  `cart_id` bigint(20) NOT NULL,
  `product_id` bigint(20) NOT NULL,
  `user_id` bigint(20) NOT NULL,
  `quantity` int(11) NOT NULL,
  `total` int(11) NOT NULL,
  `status` char(1) NOT NULL DEFAULT '1',
  `create_at` datetime NOT NULL DEFAULT current_timestamp(),
  `update_at` datetime NOT NULL DEFAULT current_timestamp()
) ENGINE=InnoDB DEFAULT CHARSET=utf8mb4 COLLATE=utf8mb4_general_ci;

-- --------------------------------------------------------

--
-- Cấu trúc bảng cho bảng `categories`
--

CREATE TABLE `categories` (
  `category_id` bigint(20) NOT NULL,
  `category_name` varchar(255) NOT NULL,
  `status` char(1) NOT NULL DEFAULT '1',
  `image` varchar(200) DEFAULT NULL,
  `create_at` datetime NOT NULL DEFAULT current_timestamp() ON UPDATE current_timestamp(),
  `update_at` datetime NOT NULL DEFAULT current_timestamp()
) ENGINE=InnoDB DEFAULT CHARSET=utf8mb4 COLLATE=utf8mb4_general_ci;

--
-- Đang đổ dữ liệu cho bảng `categories`
--

INSERT INTO `categories` (`category_id`, `category_name`, `status`, `image`, `create_at`, `update_at`) VALUES
(1, 'Xe cộ', '1', 'vehicle.png', '2024-11-07 20:59:28', '2024-11-06 11:41:01'),
(2, 'Đồ điện tử', '1', 'gadgets.png', '2024-11-07 21:02:11', '2024-11-06 11:41:01'),
(3, 'Đồ gia dụng', '1', 'furniture.png', '2024-11-07 21:03:12', '2024-11-06 11:41:01'),
(4, 'Đồ dùng văn phòng', '1', 'stationery.png', '2024-11-07 21:04:19', '2024-11-06 11:41:01'),
(5, 'Thời trang và đồ dùng cá nhân', '1', 'perfume.png', '2024-11-07 21:05:11', '2024-11-06 11:41:01'),
(6, 'Thể thao, giải trí', '1', 'sports-entertainment.png', '2024-11-07 21:06:09', '2024-11-06 11:41:01'),
(7, 'Sách', '1', 'books-stack-of-three.png', '2024-11-07 21:06:46', '2024-11-06 11:41:01');

-- --------------------------------------------------------

--
-- Cấu trúc bảng cho bảng `category_attributes`
--

CREATE TABLE `category_attributes` (
  `category_attribute_id` bigint(20) NOT NULL,
  `category_id` bigint(20) NOT NULL,
  `category_attribute_name` varchar(255) NOT NULL,
  `status` char(1) NOT NULL DEFAULT '1',
  `create_at` timestamp NOT NULL DEFAULT current_timestamp(),
  `update_at` timestamp NOT NULL DEFAULT current_timestamp()
) ENGINE=InnoDB DEFAULT CHARSET=utf8mb4 COLLATE=utf8mb4_general_ci;

--
-- Đang đổ dữ liệu cho bảng `category_attributes`
--

INSERT INTO `category_attributes` (`category_attribute_id`, `category_id`, `category_attribute_name`, `status`, `create_at`, `update_at`) VALUES
(76, 1, 'Model', '1', '2024-11-07 08:27:40', '2024-11-07 08:27:40'),
(77, 1, 'Năm sản xuất', '1', '2024-11-07 08:27:40', '2024-11-07 08:27:40'),
(78, 1, 'Màu sắc', '1', '2024-11-07 08:27:40', '2024-11-07 08:27:40'),
(79, 1, 'Số km đã đi', '1', '2024-11-07 08:27:40', '2024-11-07 08:27:40'),
(80, 1, 'Dung tích động cơ', '1', '2024-11-07 08:27:40', '2024-11-07 08:27:40'),
(81, 1, 'Loại xe', '1', '2024-11-07 08:27:40', '2024-11-07 08:27:40'),
(86, 1, 'Số chủ sở hữu', '1', '2024-11-07 08:27:40', '2024-11-07 08:27:40'),
(87, 1, 'Nhiên liệu', '1', '2024-11-07 08:27:40', '2024-11-07 08:27:40'),
(88, 1, 'Hệ thống truyền động', '1', '2024-11-07 08:27:40', '2024-11-07 08:27:40'),
(89, 1, 'Tính năng an toàn', '1', '2024-11-07 08:27:40', '2024-11-07 08:27:40'),
(90, 1, 'Trọng lượng', '1', '2024-11-07 08:27:40', '2024-11-07 08:27:40'),
(91, 1, 'Giá bán', '1', '2024-11-07 08:27:40', '2024-11-07 08:27:40'),
(92, 1, 'Đánh giá', '1', '2024-11-07 08:27:40', '2024-11-07 08:27:40'),
(94, 2, 'Năm sản xuất', '1', '2024-11-07 08:28:55', '2024-11-07 08:28:55'),
(95, 2, 'Màu sắc', '1', '2024-11-07 08:28:55', '2024-11-07 08:28:55'),
(96, 2, 'Dung lượng bộ nhớ', '1', '2024-11-07 08:28:55', '2024-11-07 08:28:55'),
(97, 2, 'Loại màn hình', '1', '2024-11-07 08:28:55', '2024-11-07 08:28:55'),
(98, 2, 'Kích thước màn hình', '1', '2024-11-07 08:28:55', '2024-11-07 08:28:55'),
(99, 2, 'Hệ điều hành', '1', '2024-11-07 08:28:55', '2024-11-07 08:28:55'),
(101, 2, 'Dung lượng pin', '1', '2024-11-07 08:28:55', '2024-11-07 08:28:55'),
(102, 2, 'Camera', '1', '2024-11-07 08:28:55', '2024-11-07 08:28:55'),
(103, 2, 'Loại kết nối', '1', '2024-11-07 08:28:55', '2024-11-07 08:28:55'),
(106, 2, 'Trọng lượng', '1', '2024-11-07 08:28:55', '2024-11-07 08:28:55'),
(110, 3, 'Năm sản xuất', '1', '2024-11-07 08:29:55', '2024-11-07 08:29:55'),
(111, 3, 'Màu sắc', '1', '2024-11-07 08:29:55', '2024-11-07 08:29:55'),
(112, 3, 'Công suất', '1', '2024-11-07 08:29:55', '2024-11-07 08:29:55'),
(113, 3, 'Dung tích', '1', '2024-11-07 08:29:55', '2024-11-07 08:29:55'),
(114, 3, 'Chất liệu', '1', '2024-11-07 08:29:55', '2024-11-07 08:29:55'),
(119, 3, 'Trọng lượng', '1', '2024-11-07 08:29:55', '2024-11-07 08:29:55'),
(123, 4, 'Năm sản xuất', '1', '2024-11-07 08:30:23', '2024-11-07 08:30:23'),
(124, 4, 'Màu sắc', '1', '2024-11-07 08:30:23', '2024-11-07 08:30:23'),
(125, 4, 'Chất liệu', '1', '2024-11-07 08:30:23', '2024-11-07 08:30:23'),
(127, 4, 'Công suất', '1', '2024-11-07 08:30:23', '2024-11-07 08:30:23'),
(130, 4, 'Trọng lượng', '1', '2024-11-07 08:30:23', '2024-11-07 08:30:23'),
(134, 5, 'Năm sản xuất', '1', '2024-11-07 08:31:09', '2024-11-07 08:31:09'),
(135, 5, 'Màu sắc', '1', '2024-11-07 08:31:09', '2024-11-07 08:31:09'),
(136, 5, 'Chất liệu', '1', '2024-11-07 08:31:09', '2024-11-07 08:31:09'),
(137, 5, 'Kích thước', '1', '2024-11-07 08:31:09', '2024-11-07 08:31:09'),
(138, 5, 'Phong cách', '1', '2024-11-07 08:31:09', '2024-11-07 08:31:09'),
(139, 5, 'Kiểu dáng', '1', '2024-11-07 08:31:09', '2024-11-07 08:31:09'),
(140, 5, 'Thương hiệu', '1', '2024-11-07 08:31:09', '2024-11-07 08:31:09'),
(146, 6, 'Năm sản xuất', '1', '2024-11-07 08:31:38', '2024-11-07 08:31:38'),
(147, 6, 'Màu sắc', '1', '2024-11-07 08:31:38', '2024-11-07 08:31:38'),
(148, 6, 'Chất liệu', '1', '2024-11-07 08:31:38', '2024-11-07 08:31:38'),
(149, 6, 'Kích thước', '1', '2024-11-07 08:31:38', '2024-11-07 08:31:38'),
(150, 6, 'Công suất', '1', '2024-11-07 08:31:38', '2024-11-07 08:31:38'),
(154, 6, 'Trọng lượng', '1', '2024-11-07 08:31:38', '2024-11-07 08:31:38'),
(158, 7, 'Năm xuất bản', '1', '2024-11-07 08:32:04', '2024-11-07 08:32:04'),
(159, 7, 'Nhà xuất bản', '1', '2024-11-07 08:32:04', '2024-11-07 08:32:04'),
(160, 7, 'Thể loại', '1', '2024-11-07 08:32:04', '2024-11-07 08:32:04'),
(163, 7, 'Giới thiệu sách', '1', '2024-11-07 08:32:04', '2024-11-07 08:32:04');

-- --------------------------------------------------------

--
-- Cấu trúc bảng cho bảng `category_items`
--

CREATE TABLE `category_items` (
  `category_item_id` bigint(20) NOT NULL,
  `category_item_name` varchar(255) NOT NULL,
  `category_id` bigint(20) NOT NULL,
  `status` char(1) NOT NULL DEFAULT '1',
  `create_at` datetime NOT NULL DEFAULT current_timestamp() ON UPDATE current_timestamp(),
  `update_at` datetime NOT NULL DEFAULT current_timestamp()
) ENGINE=InnoDB DEFAULT CHARSET=utf8mb4 COLLATE=utf8mb4_general_ci;

--
-- Đang đổ dữ liệu cho bảng `category_items`
--

INSERT INTO `category_items` (`category_item_id`, `category_item_name`, `category_id`, `status`, `create_at`, `update_at`) VALUES
(1, 'Xe đạp', 1, '1', '2024-11-06 11:47:21', '2024-11-06 11:47:21'),
(2, 'Xe máy điện', 1, '1', '2024-11-06 11:47:21', '2024-11-06 11:47:21'),
(3, 'Xe gắn máy (Xe số)', 1, '1', '2024-11-06 11:47:21', '2024-11-06 11:47:21'),
(4, 'Xe gắn máy (Xe tay ga)', 1, '1', '2024-11-06 11:47:21', '2024-11-06 11:47:21'),
(5, 'Xe 3 gác', 1, '1', '2024-11-06 11:47:21', '2024-11-06 11:47:21'),
(6, 'Xe công trường', 1, '1', '2024-11-06 11:47:21', '2024-11-06 11:47:21'),
(7, 'Xe 4 bánh (xăng dầu)', 1, '1', '2024-11-06 11:47:21', '2024-11-06 11:47:21'),
(8, 'Phụ tùng xe', 1, '1', '2024-11-06 11:47:21', '2024-11-06 11:47:21'),
(9, 'Điện thoại thông minh', 2, '1', '2024-11-06 11:47:21', '2024-11-06 11:47:21'),
(10, 'Camera', 2, '1', '2024-11-06 11:47:21', '2024-11-06 11:47:21'),
(11, 'Laptop', 2, '1', '2024-11-06 11:47:21', '2024-11-06 11:47:21'),
(12, 'Máy photo', 2, '1', '2024-11-06 11:47:21', '2024-11-06 11:47:21'),
(13, 'Máy in', 2, '1', '2024-11-06 11:47:21', '2024-11-06 11:47:21'),
(14, 'Màn hình', 2, '1', '2024-11-06 11:47:21', '2024-11-06 11:47:21'),
(15, 'Loa', 2, '1', '2024-11-06 11:47:21', '2024-11-06 11:47:21'),
(16, 'Máy ảnh', 2, '1', '2024-11-06 11:47:21', '2024-11-06 11:47:21'),
(17, 'Phụ kiện điện thoại', 2, '1', '2024-11-06 11:47:21', '2024-11-06 11:47:21'),
(18, 'Phụ kiện laptop', 2, '1', '2024-11-06 11:47:21', '2024-11-06 11:47:21'),
(19, 'Tai nghe', 2, '1', '2024-11-06 11:47:21', '2024-11-06 11:47:21'),
(20, 'Chuột', 2, '1', '2024-11-06 11:47:21', '2024-11-06 11:47:21'),
(21, 'Bếp ga (bếp đôi)', 3, '1', '2024-11-06 11:47:21', '2024-11-06 11:47:21'),
(22, 'Bếp ga (bếp đơn)', 3, '1', '2024-11-06 11:47:21', '2024-11-06 11:47:21'),
(23, 'Bếp hồng ngoại', 3, '1', '2024-11-06 11:47:21', '2024-11-06 11:47:21'),
(24, 'Lò vi sóng', 3, '1', '2024-11-06 11:47:21', '2024-11-06 11:47:21'),
(25, 'Máy xay thịt', 3, '1', '2024-11-06 11:47:21', '2024-11-06 11:47:21'),
(26, 'Máy xay sinh tố', 3, '1', '2024-11-06 11:47:21', '2024-11-06 11:47:21'),
(27, 'Tủ lạnh', 3, '1', '2024-11-06 11:47:21', '2024-11-06 11:47:21'),
(28, 'Máy hút bụi', 3, '1', '2024-11-06 11:47:21', '2024-11-06 11:47:21'),
(29, 'Nồi chiên không dầu', 3, '1', '2024-11-06 11:47:21', '2024-11-06 11:47:21'),
(31, 'Máy lọc nước', 3, '1', '2024-11-06 11:50:14', '2024-11-06 11:50:14'),
(33, 'Dụng cụ viết', 4, '1', '2024-11-06 11:50:14', '2024-11-06 11:50:14'),
(34, 'Thiết bị lưu trữ và tài liệu', 4, '1', '2024-11-06 11:50:14', '2024-11-06 11:50:14'),
(35, 'Đồ dùng phục vụ họp và thuyết trình', 4, '1', '2024-11-06 11:50:14', '2024-11-06 11:50:14'),
(36, 'Quần áo', 5, '1', '2024-11-06 11:50:14', '2024-11-06 11:50:14'),
(37, 'Giày dép', 5, '1', '2024-11-06 11:50:14', '2024-11-06 11:50:14'),
(38, 'Túi xách và phụ kiện', 5, '1', '2024-11-06 11:50:14', '2024-11-06 11:50:14'),
(39, 'Đồ dùng khi đi du lịch', 5, '1', '2024-11-06 11:50:14', '2024-11-06 11:50:14'),
(40, 'Dụng cụ thể thao', 6, '1', '2024-11-06 11:50:14', '2024-11-06 11:50:14'),
(41, 'Văn học', 7, '1', '2024-11-06 11:50:14', '2024-11-06 11:50:14'),
(42, 'Sách kỹ năng sống và phát triển bản thân', 7, '1', '2024-11-06 11:50:14', '2024-11-06 11:50:14'),
(43, 'Khoa học và công nghệ', 7, '1', '2024-11-06 11:50:14', '2024-11-06 11:50:14'),
(44, 'Xe điện 4 bánh', 1, '1', '2024-11-06 12:05:19', '2024-11-06 12:05:19'),
(45, 'Tivi', 2, '1', '2024-11-07 20:12:16', '2024-11-07 20:12:16');

-- --------------------------------------------------------

--
-- Cấu trúc bảng cho bảng `companies`
--

CREATE TABLE `companies` (
  `company_id` bigint(20) NOT NULL,
  `company_name` varchar(255) NOT NULL,
  `status` char(1) NOT NULL DEFAULT '1',
  `category_item_id` bigint(20) NOT NULL,
  `create_at` datetime NOT NULL DEFAULT current_timestamp() ON UPDATE current_timestamp(),
  `update_at` datetime NOT NULL DEFAULT current_timestamp()
) ENGINE=InnoDB DEFAULT CHARSET=utf8mb4 COLLATE=utf8mb4_general_ci;

--
-- Đang đổ dữ liệu cho bảng `companies`
--

INSERT INTO `companies` (`company_id`, `company_name`, `status`, `category_item_id`, `create_at`, `update_at`) VALUES
(64, 'Giant', '1', 1, '2024-11-06 12:00:17', '2024-11-06 12:00:17'),
(65, 'Trek', '1', 1, '2024-11-06 12:03:33', '2024-11-06 12:03:33'),
(66, 'Merida', '1', 1, '2024-11-06 12:03:33', '2024-11-06 12:03:33'),
(67, 'Asama', '1', 1, '2024-11-06 12:03:33', '2024-11-06 12:03:33'),
(68, 'Trinx', '1', 1, '2024-11-06 12:03:33', '2024-11-06 12:03:33'),
(69, 'Cannondale', '1', 1, '2024-11-06 12:03:33', '2024-11-06 12:03:33'),
(70, 'Fornix', '1', 1, '2024-11-06 12:03:33', '2024-11-06 12:03:33'),
(71, 'Pega', '1', 1, '2024-11-06 12:03:33', '2024-11-06 12:03:33'),
(72, 'Thống Nhất', '1', 1, '2024-11-06 12:03:33', '2024-11-06 12:03:33'),
(73, 'Galaxy', '1', 1, '2024-11-06 12:03:33', '2024-11-06 12:03:33'),
(74, 'Zoomer', '1', 2, '2024-11-06 12:04:21', '2024-11-06 12:04:21'),
(75, 'VinFast', '1', 2, '2024-11-06 12:04:21', '2024-11-06 12:04:21'),
(76, 'Yadea', '1', 2, '2024-11-06 12:04:21', '2024-11-06 12:04:21'),
(77, 'Gogoro', '1', 2, '2024-11-06 12:04:21', '2024-11-06 12:04:21'),
(78, 'DKBike', '1', 2, '2024-11-06 12:04:21', '2024-11-06 12:04:21'),
(79, 'Honda', '1', 2, '2024-11-06 12:04:21', '2024-11-06 12:04:21'),
(80, 'YADEA', '1', 2, '2024-11-06 12:04:21', '2024-11-06 12:04:21'),
(81, 'SYM', '1', 2, '2024-11-06 12:04:21', '2024-11-06 12:04:21'),
(82, 'Xe điện Bluera', '1', 2, '2024-11-06 12:04:21', '2024-11-06 12:04:21'),
(83, 'NIU', '1', 2, '2024-11-06 12:04:21', '2024-11-06 12:04:21'),
(84, 'Pega', '1', 2, '2024-11-06 12:04:21', '2024-11-06 12:04:21'),
(85, 'VinFast', '1', 44, '2024-11-06 12:06:59', '2024-11-06 12:06:59'),
(86, 'Tesla', '1', 44, '2024-11-06 12:06:59', '2024-11-06 12:06:59'),
(87, 'BYD', '1', 44, '2024-11-06 12:06:59', '2024-11-06 12:06:59'),
(88, 'Nissan (Leaf)', '1', 44, '2024-11-06 12:06:59', '2024-11-06 12:06:59'),
(89, 'BMW (i3, iX)', '1', 44, '2024-11-06 12:06:59', '2024-11-06 12:06:59'),
(90, 'Hyundai (Kona Electric, Ioniq)', '1', 44, '2024-11-06 12:06:59', '2024-11-06 12:06:59'),
(91, 'Toyota (bZ4X)', '1', 44, '2024-11-06 12:06:59', '2024-11-06 12:06:59'),
(92, 'Kia (EV6)', '1', 44, '2024-11-06 12:06:59', '2024-11-06 12:06:59'),
(93, 'Audi (e-tron)', '1', 44, '2024-11-06 12:06:59', '2024-11-06 12:06:59'),
(94, 'Mercedes-Benz (EQ series)', '1', 44, '2024-11-06 12:06:59', '2024-11-06 12:06:59'),
(95, 'Jaguar (I-Pace)', '1', 44, '2024-11-06 12:06:59', '2024-11-06 12:06:59'),
(96, 'Honda', '1', 3, '2024-11-06 12:08:14', '2024-11-06 12:08:14'),
(97, 'Yamaha', '1', 3, '2024-11-06 12:08:14', '2024-11-06 12:08:14'),
(98, 'Suzuki', '1', 3, '2024-11-06 12:08:14', '2024-11-06 12:08:14'),
(99, 'Kawasaki', '1', 3, '2024-11-06 12:08:14', '2024-11-06 12:08:14'),
(100, 'Piaggio (Vespa)', '1', 3, '2024-11-06 12:08:14', '2024-11-06 12:08:14'),
(101, 'SYM', '1', 3, '2024-11-06 12:08:14', '2024-11-06 12:08:14'),
(102, 'Vespa', '1', 3, '2024-11-06 12:08:14', '2024-11-06 12:08:14'),
(103, 'Honda Winner', '1', 3, '2024-11-06 12:08:14', '2024-11-06 12:08:14'),
(104, 'Yamaha Exciter', '1', 3, '2024-11-06 12:08:14', '2024-11-06 12:08:14'),
(105, 'Suzuki Hayabusa', '1', 3, '2024-11-06 12:08:14', '2024-11-06 12:08:14'),
(106, 'Honda', '1', 4, '2024-11-06 12:08:59', '2024-11-06 12:08:59'),
(107, 'Yamaha', '1', 4, '2024-11-06 12:08:59', '2024-11-06 12:08:59'),
(108, 'Suzuki', '1', 4, '2024-11-06 12:08:59', '2024-11-06 12:08:59'),
(109, 'Kawasaki', '1', 4, '2024-11-06 12:08:59', '2024-11-06 12:08:59'),
(110, 'Piaggio (Vespa)', '1', 4, '2024-11-06 12:08:59', '2024-11-06 12:08:59'),
(111, 'SYM', '1', 4, '2024-11-06 12:08:59', '2024-11-06 12:08:59'),
(112, 'Vespa', '1', 4, '2024-11-06 12:08:59', '2024-11-06 12:08:59'),
(113, 'Honda Winner', '1', 4, '2024-11-06 12:08:59', '2024-11-06 12:08:59'),
(114, 'Yamaha Exciter', '1', 4, '2024-11-06 12:08:59', '2024-11-06 12:08:59'),
(115, 'Suzuki Hayabusa', '1', 4, '2024-11-06 12:08:59', '2024-11-06 12:08:59'),
(116, 'Yamaha', '1', 5, '2024-11-06 12:09:48', '2024-11-06 12:09:48'),
(117, 'Honda', '1', 5, '2024-11-06 12:09:48', '2024-11-06 12:09:48'),
(118, 'Suzuki', '1', 5, '2024-11-06 12:09:48', '2024-11-06 12:09:48'),
(119, 'TMT', '1', 5, '2024-11-06 12:09:48', '2024-11-06 12:09:48'),
(120, 'Thaco', '1', 5, '2024-11-06 12:09:48', '2024-11-06 12:09:48'),
(121, 'Kymco', '1', 5, '2024-11-06 12:09:48', '2024-11-06 12:09:48'),
(122, 'Xe tải ben', '1', 6, '2024-11-06 12:10:23', '2024-11-06 12:10:23'),
(123, 'Xe lu', '1', 6, '2024-11-06 12:10:23', '2024-11-06 12:10:23'),
(124, 'Xe ủi', '1', 6, '2024-11-06 12:10:23', '2024-11-06 12:10:23'),
(125, 'Xe cẩu', '1', 6, '2024-11-06 12:10:23', '2024-11-06 12:10:23'),
(126, 'Xe xúc lật', '1', 6, '2024-11-06 12:10:23', '2024-11-06 12:10:23'),
(127, 'Xe trộn bê tông', '1', 6, '2024-11-06 12:10:23', '2024-11-06 12:10:23'),
(128, 'Toyota', '1', 7, '2024-11-06 12:11:08', '2024-11-06 12:11:08'),
(129, 'Honda', '1', 7, '2024-11-06 12:11:08', '2024-11-06 12:11:08'),
(130, 'Ford', '1', 7, '2024-11-06 12:11:08', '2024-11-06 12:11:08'),
(131, 'Chevrolet', '1', 7, '2024-11-06 12:11:08', '2024-11-06 12:11:08'),
(132, 'Nissan', '1', 7, '2024-11-06 12:11:08', '2024-11-06 12:11:08'),
(133, 'Hyundai', '1', 7, '2024-11-06 12:11:08', '2024-11-06 12:11:08'),
(134, 'Kia', '1', 7, '2024-11-06 12:11:08', '2024-11-06 12:11:08'),
(135, 'Volkswagen', '1', 7, '2024-11-06 12:11:08', '2024-11-06 12:11:08'),
(136, 'Mazda', '1', 7, '2024-11-06 12:11:08', '2024-11-06 12:11:08'),
(137, 'Subaru', '1', 7, '2024-11-06 12:11:08', '2024-11-06 12:11:08'),
(138, 'BMW', '1', 7, '2024-11-06 12:11:08', '2024-11-06 12:11:08'),
(139, 'Mercedes-Benz', '1', 7, '2024-11-06 12:11:08', '2024-11-06 12:11:08'),
(140, 'Audi', '1', 7, '2024-11-06 12:11:08', '2024-11-06 12:11:08'),
(141, 'Lexus', '1', 7, '2024-11-06 12:11:08', '2024-11-06 12:11:08'),
(142, 'Porsche', '1', 7, '2024-11-06 12:11:08', '2024-11-06 12:11:08'),
(143, 'Jaguar', '1', 7, '2024-11-06 12:11:08', '2024-11-06 12:11:08'),
(144, 'Land Rover', '1', 7, '2024-11-06 12:11:08', '2024-11-06 12:11:08'),
(145, 'Fiat', '1', 7, '2024-11-06 12:11:08', '2024-11-06 12:11:08'),
(146, 'Peugeot', '1', 7, '2024-11-06 12:11:08', '2024-11-06 12:11:08'),
(147, 'Renault', '1', 7, '2024-11-06 12:11:08', '2024-11-06 12:11:08'),
(148, 'Pin và bộ sạc', '1', 8, '2024-11-06 15:13:27', '2024-11-06 15:13:27'),
(149, 'Hệ thống đèn', '1', 8, '2024-11-06 15:13:27', '2024-11-06 15:13:27'),
(150, 'Tấm che nắng và kính chắn gió', '1', 8, '2024-11-06 15:13:27', '2024-11-06 15:13:27'),
(151, 'Dung dịch rửa và vệ sinh xe', '1', 8, '2024-11-06 15:13:27', '2024-11-06 15:13:27'),
(152, 'Đèn và hệ thống xi nhan', '1', 8, '2024-11-06 15:13:27', '2024-11-06 15:13:27'),
(153, 'Giỏ và cốp xe', '1', 8, '2024-11-06 15:13:27', '2024-11-06 15:13:27'),
(154, 'Khóa xe', '1', 8, '2024-11-06 15:13:27', '2024-11-06 15:13:27'),
(155, 'Apple', '1', 9, '2024-11-06 15:14:18', '2024-11-06 15:14:18'),
(156, 'Samsung', '1', 9, '2024-11-06 15:14:18', '2024-11-06 15:14:18'),
(157, 'Xiaomi', '1', 9, '2024-11-06 15:14:18', '2024-11-06 15:14:18'),
(158, 'OPPO', '1', 9, '2024-11-06 15:14:18', '2024-11-06 15:14:18'),
(159, 'Vivo', '1', 9, '2024-11-06 15:14:18', '2024-11-06 15:14:18'),
(160, 'Realme', '1', 9, '2024-11-06 15:14:18', '2024-11-06 15:14:18'),
(161, 'Nokia', '1', 9, '2024-11-06 15:14:18', '2024-11-06 15:14:18'),
(162, 'OnePlus', '1', 9, '2024-11-06 15:14:18', '2024-11-06 15:14:18'),
(163, 'Huawei', '1', 9, '2024-11-06 15:14:18', '2024-11-06 15:14:18'),
(164, 'Sony', '1', 9, '2024-11-06 15:14:18', '2024-11-06 15:14:18'),
(165, 'Asus', '1', 9, '2024-11-06 15:14:18', '2024-11-06 15:14:18'),
(166, 'Google (Pixel)', '1', 9, '2024-11-06 15:14:18', '2024-11-06 15:14:18'),
(167, 'Lenovo', '1', 9, '2024-11-06 15:14:18', '2024-11-06 15:14:18'),
(168, 'Motorola', '1', 9, '2024-11-06 15:14:18', '2024-11-06 15:14:18'),
(169, 'Canon', '1', 10, '2024-11-06 15:15:13', '2024-11-06 15:15:13'),
(170, 'Nikon', '1', 10, '2024-11-06 15:15:13', '2024-11-06 15:15:13'),
(171, 'Sony', '1', 10, '2024-11-06 15:15:13', '2024-11-06 15:15:13'),
(172, 'Fujifilm', '1', 10, '2024-11-06 15:15:13', '2024-11-06 15:15:13'),
(173, 'Panasonic', '1', 10, '2024-11-06 15:15:13', '2024-11-06 15:15:13'),
(174, 'Olympus', '1', 10, '2024-11-06 15:15:13', '2024-11-06 15:15:13'),
(175, 'Leica', '1', 10, '2024-11-06 15:15:13', '2024-11-06 15:15:13'),
(176, 'GoPro', '1', 10, '2024-11-06 15:15:13', '2024-11-06 15:15:13'),
(177, 'Samsung', '1', 10, '2024-11-06 15:15:13', '2024-11-06 15:15:13'),
(178, 'Ricoh', '1', 10, '2024-11-06 15:15:13', '2024-11-06 15:15:13'),
(179, 'Sigma', '1', 10, '2024-11-06 15:15:13', '2024-11-06 15:15:13'),
(180, 'Hasselblad', '1', 10, '2024-11-06 15:15:13', '2024-11-06 15:15:13'),
(181, 'Blackmagic Design', '1', 10, '2024-11-06 15:15:13', '2024-11-06 15:15:13'),
(182, 'DJI', '1', 10, '2024-11-06 15:15:13', '2024-11-06 15:15:13'),
(183, 'YI Technology', '1', 10, '2024-11-06 15:15:13', '2024-11-06 15:15:13'),
(184, 'Dell', '1', 11, '2024-11-06 15:18:15', '2024-11-06 15:15:38'),
(185, 'HP (Hewlett-Packard)', '1', 11, '2024-11-06 15:18:15', '2024-11-06 15:15:38'),
(186, 'Lenovo', '1', 11, '2024-11-06 15:18:15', '2024-11-06 15:15:38'),
(187, 'Apple', '1', 11, '2024-11-06 15:18:15', '2024-11-06 15:15:38'),
(188, 'Asus', '1', 11, '2024-11-06 15:18:15', '2024-11-06 15:15:38'),
(189, 'Acer', '1', 11, '2024-11-06 15:18:15', '2024-11-06 15:15:38'),
(190, 'Microsoft', '1', 11, '2024-11-06 15:18:15', '2024-11-06 15:15:38'),
(191, 'Razer', '1', 11, '2024-11-06 15:18:15', '2024-11-06 15:15:38'),
(192, 'Samsung', '1', 11, '2024-11-06 15:18:15', '2024-11-06 15:15:38'),
(193, 'Toshiba', '1', 11, '2024-11-06 15:18:15', '2024-11-06 15:15:38'),
(194, 'LG', '1', 11, '2024-11-06 15:18:15', '2024-11-06 15:15:38'),
(195, 'MSI', '1', 11, '2024-11-06 15:18:15', '2024-11-06 15:15:38'),
(196, 'Huawei', '1', 11, '2024-11-06 15:18:15', '2024-11-06 15:15:38'),
(197, 'Alienware (thuộc Dell)', '1', 11, '2024-11-06 15:18:15', '2024-11-06 15:15:38'),
(198, 'Gigabyte', '1', 11, '2024-11-06 15:18:15', '2024-11-06 15:15:38'),
(199, 'Canon', '1', 12, '2024-11-06 15:18:59', '2024-11-06 15:18:59'),
(200, 'Ricoh', '1', 12, '2024-11-06 15:18:59', '2024-11-06 15:18:59'),
(201, 'Xerox', '1', 12, '2024-11-06 15:18:59', '2024-11-06 15:18:59'),
(202, 'Konica Minolta', '1', 12, '2024-11-06 15:18:59', '2024-11-06 15:18:59'),
(203, 'Kyocera', '1', 12, '2024-11-06 15:18:59', '2024-11-06 15:18:59'),
(204, 'Sharp', '1', 12, '2024-11-06 15:18:59', '2024-11-06 15:18:59'),
(205, 'Brother', '1', 12, '2024-11-06 15:18:59', '2024-11-06 15:18:59'),
(206, 'HP (Hewlett-Packard)', '1', 12, '2024-11-06 15:18:59', '2024-11-06 15:18:59'),
(207, 'Toshiba', '1', 12, '2024-11-06 15:18:59', '2024-11-06 15:18:59'),
(208, 'Epson', '1', 12, '2024-11-06 15:18:59', '2024-11-06 15:18:59'),
(209, 'HP (Hewlett-Packard)', '1', 13, '2024-11-06 15:19:34', '2024-11-06 15:19:34'),
(210, 'Canon', '1', 13, '2024-11-06 15:19:34', '2024-11-06 15:19:34'),
(211, 'Epson', '1', 13, '2024-11-06 15:19:34', '2024-11-06 15:19:34'),
(212, 'Brother', '1', 13, '2024-11-06 15:19:34', '2024-11-06 15:19:34'),
(213, 'Lexmark', '1', 13, '2024-11-06 15:19:34', '2024-11-06 15:19:34'),
(214, 'Xerox', '1', 13, '2024-11-06 15:19:34', '2024-11-06 15:19:34'),
(215, 'Ricoh', '1', 13, '2024-11-06 15:19:34', '2024-11-06 15:19:34'),
(216, 'Kyocera', '1', 13, '2024-11-06 15:19:34', '2024-11-06 15:19:34'),
(217, 'Dell', '1', 13, '2024-11-06 15:19:34', '2024-11-06 15:19:34'),
(218, 'Samsung', '1', 13, '2024-11-06 15:19:34', '2024-11-06 15:19:34'),
(219, 'Samsung', '1', 14, '2024-11-06 15:20:03', '2024-11-06 15:20:03'),
(220, 'LG', '1', 14, '2024-11-06 15:20:03', '2024-11-06 15:20:03'),
(221, 'Dell', '1', 14, '2024-11-06 15:20:03', '2024-11-06 15:20:03'),
(222, 'ASUS', '1', 14, '2024-11-06 15:20:03', '2024-11-06 15:20:03'),
(223, 'Acer', '1', 14, '2024-11-06 15:20:03', '2024-11-06 15:20:03'),
(224, 'BenQ', '1', 14, '2024-11-06 15:20:03', '2024-11-06 15:20:03'),
(225, 'HP (Hewlett-Packard)', '1', 14, '2024-11-06 15:20:03', '2024-11-06 15:20:03'),
(226, 'ViewSonic', '1', 14, '2024-11-06 15:20:03', '2024-11-06 15:20:03'),
(227, 'Philips', '1', 14, '2024-11-06 15:20:03', '2024-11-06 15:20:03'),
(228, 'MSI', '1', 14, '2024-11-06 15:20:03', '2024-11-06 15:20:03'),
(229, 'Apple', '1', 14, '2024-11-06 15:20:03', '2024-11-06 15:20:03'),
(230, 'Samsung Odyssey', '1', 14, '2024-11-06 15:20:03', '2024-11-06 15:20:03'),
(231, 'Eizo', '1', 14, '2024-11-06 15:20:03', '2024-11-06 15:20:03'),
(232, 'Gigabyte', '1', 14, '2024-11-06 15:20:03', '2024-11-06 15:20:03'),
(233, 'Razer', '1', 14, '2024-11-06 15:20:03', '2024-11-06 15:20:03'),
(234, 'Bose', '1', 15, '2024-11-06 15:20:35', '2024-11-06 15:20:35'),
(235, 'JBL', '1', 15, '2024-11-06 15:20:35', '2024-11-06 15:20:35'),
(236, 'Sony', '1', 15, '2024-11-06 15:20:35', '2024-11-06 15:20:35'),
(237, 'Bang & Olufsen', '1', 15, '2024-11-06 15:20:35', '2024-11-06 15:20:35'),
(238, 'Sennheiser', '1', 15, '2024-11-06 15:20:35', '2024-11-06 15:20:35'),
(239, 'Klipsch', '1', 15, '2024-11-06 15:20:35', '2024-11-06 15:20:35'),
(240, 'Audioengine', '1', 15, '2024-11-06 15:20:35', '2024-11-06 15:20:35'),
(241, 'Yamaha', '1', 15, '2024-11-06 15:20:35', '2024-11-06 15:20:35'),
(242, 'Pioneer', '1', 15, '2024-11-06 15:20:35', '2024-11-06 15:20:35'),
(243, 'Harman Kardon', '1', 15, '2024-11-06 15:20:35', '2024-11-06 15:20:35'),
(244, 'Marshall', '1', 15, '2024-11-06 15:20:35', '2024-11-06 15:20:35'),
(245, 'Canon', '1', 16, '2024-11-06 15:21:08', '2024-11-06 15:21:08'),
(246, 'Nikon', '1', 16, '2024-11-06 15:21:08', '2024-11-06 15:21:08'),
(247, 'Sony', '1', 16, '2024-11-06 15:21:08', '2024-11-06 15:21:08'),
(248, 'Fujifilm', '1', 16, '2024-11-06 15:21:08', '2024-11-06 15:21:08'),
(249, 'Panasonic', '1', 16, '2024-11-06 15:21:08', '2024-11-06 15:21:08'),
(250, 'Olympus', '1', 16, '2024-11-06 15:21:08', '2024-11-06 15:21:08'),
(251, 'Leica', '1', 16, '2024-11-06 15:21:08', '2024-11-06 15:21:08'),
(252, 'GoPro', '1', 16, '2024-11-06 15:21:08', '2024-11-06 15:21:08'),
(253, 'Ricoh', '1', 16, '2024-11-06 15:21:08', '2024-11-06 15:21:08'),
(254, 'Hasselblad', '1', 16, '2024-11-06 15:21:08', '2024-11-06 15:21:08'),
(255, 'Sigma', '1', 16, '2024-11-06 15:21:08', '2024-11-06 15:21:08'),
(256, 'Sony', '1', 19, '2024-11-06 15:22:07', '2024-11-06 15:22:07'),
(257, 'Bose', '1', 19, '2024-11-06 15:22:07', '2024-11-06 15:22:07'),
(258, 'Sennheiser', '1', 19, '2024-11-06 15:22:07', '2024-11-06 15:22:07'),
(259, 'Apple (AirPods)', '1', 19, '2024-11-06 15:22:07', '2024-11-06 15:22:07'),
(260, 'JBL', '1', 19, '2024-11-06 15:22:07', '2024-11-06 15:22:07'),
(261, 'Beats', '1', 19, '2024-11-06 15:22:07', '2024-11-06 15:22:07'),
(262, 'Audio-Technica', '1', 19, '2024-11-06 15:22:07', '2024-11-06 15:22:07'),
(263, 'Bang & Olufsen', '1', 19, '2024-11-06 15:22:07', '2024-11-06 15:22:07'),
(264, 'Razer', '1', 19, '2024-11-06 15:22:07', '2024-11-06 15:22:07'),
(265, 'HyperX', '1', 19, '2024-11-06 15:22:07', '2024-11-06 15:22:07'),
(266, 'Anker (Soundcore)', '1', 19, '2024-11-06 15:22:07', '2024-11-06 15:22:07'),
(267, 'AKG', '1', 19, '2024-11-06 15:22:07', '2024-11-06 15:22:07'),
(268, 'Skullcandy', '1', 19, '2024-11-06 15:22:07', '2024-11-06 15:22:07'),
(269, 'Plantronics', '1', 19, '2024-11-06 15:22:07', '2024-11-06 15:22:07'),
(270, 'Edifier', '1', 19, '2024-11-06 15:22:07', '2024-11-06 15:22:07'),
(271, 'Logitech', '1', 20, '2024-11-06 15:23:19', '2024-11-06 15:23:19'),
(272, 'Razer', '1', 20, '2024-11-06 15:23:19', '2024-11-06 15:23:19'),
(273, 'Corsair', '1', 20, '2024-11-06 15:23:19', '2024-11-06 15:23:19'),
(274, 'SteelSeries', '1', 20, '2024-11-06 15:23:19', '2024-11-06 15:23:19'),
(275, 'Microsoft', '1', 20, '2024-11-06 15:23:19', '2024-11-06 15:23:19'),
(276, 'HP (Hewlett-Packard)', '1', 20, '2024-11-06 15:23:19', '2024-11-06 15:23:19'),
(277, 'Dell', '1', 20, '2024-11-06 15:23:19', '2024-11-06 15:23:19'),
(278, 'ASUS', '1', 20, '2024-11-06 15:23:19', '2024-11-06 15:23:19'),
(279, 'Zowie (BenQ)', '1', 20, '2024-11-06 15:23:19', '2024-11-06 15:23:19'),
(280, 'Mad Catz', '1', 20, '2024-11-06 15:23:19', '2024-11-06 15:23:19'),
(281, 'Roccat', '1', 20, '2024-11-06 15:23:19', '2024-11-06 15:23:19'),
(282, 'Panasonic', '1', 21, '2024-11-06 15:23:49', '2024-11-06 15:23:49'),
(283, 'Teka', '1', 21, '2024-11-06 15:23:49', '2024-11-06 15:23:49'),
(284, 'Electrolux', '1', 21, '2024-11-06 15:23:49', '2024-11-06 15:23:49'),
(285, 'Sunhouse', '1', 21, '2024-11-06 15:23:49', '2024-11-06 15:23:49'),
(286, 'Midea', '1', 21, '2024-11-06 15:23:49', '2024-11-06 15:23:49'),
(287, 'Fagor', '1', 21, '2024-11-06 15:23:49', '2024-11-06 15:23:49'),
(288, 'Ariston', '1', 21, '2024-11-06 15:23:49', '2024-11-06 15:23:49'),
(289, 'Bosch', '1', 21, '2024-11-06 15:23:49', '2024-11-06 15:23:49'),
(290, 'Smeg', '1', 21, '2024-11-06 15:23:49', '2024-11-06 15:23:49'),
(291, 'Kangaroo', '1', 21, '2024-11-06 15:23:49', '2024-11-06 15:23:49'),
(292, 'Sharp', '1', 21, '2024-11-06 15:23:49', '2024-11-06 15:23:49'),
(293, 'Panasonic', '1', 22, '2024-11-06 15:24:21', '2024-11-06 15:24:21'),
(294, 'Teka', '1', 22, '2024-11-06 15:24:21', '2024-11-06 15:24:21'),
(295, 'Electrolux', '1', 22, '2024-11-06 15:24:21', '2024-11-06 15:24:21'),
(296, 'Sunhouse', '1', 22, '2024-11-06 15:24:21', '2024-11-06 15:24:21'),
(297, 'Midea', '1', 22, '2024-11-06 15:24:21', '2024-11-06 15:24:21'),
(298, 'Fagor', '1', 22, '2024-11-06 15:24:21', '2024-11-06 15:24:21'),
(299, 'Ariston', '1', 22, '2024-11-06 15:24:21', '2024-11-06 15:24:21'),
(300, 'Bosch', '1', 22, '2024-11-06 15:24:21', '2024-11-06 15:24:21'),
(301, 'Smeg', '1', 22, '2024-11-06 15:24:21', '2024-11-06 15:24:21'),
(302, 'Kangaroo', '1', 22, '2024-11-06 15:24:21', '2024-11-06 15:24:21'),
(303, 'Sharp', '1', 22, '2024-11-06 15:24:21', '2024-11-06 15:24:21'),
(304, 'Panasonic', '1', 23, '2024-11-06 15:26:34', '2024-11-06 15:26:34'),
(305, 'Electrolux', '1', 23, '2024-11-06 15:26:34', '2024-11-06 15:26:34'),
(306, 'Teka', '1', 23, '2024-11-06 15:26:34', '2024-11-06 15:26:34'),
(307, 'Midea', '1', 23, '2024-11-06 15:26:34', '2024-11-06 15:26:34'),
(308, 'Sunhouse', '1', 23, '2024-11-06 15:26:34', '2024-11-06 15:26:34'),
(309, 'Sharp', '1', 23, '2024-11-06 15:26:34', '2024-11-06 15:26:34'),
(310, 'LG', '1', 23, '2024-11-06 15:26:34', '2024-11-06 15:26:34'),
(311, 'Samsung', '1', 23, '2024-11-06 15:26:34', '2024-11-06 15:26:34'),
(312, 'Ariston', '1', 23, '2024-11-06 15:26:34', '2024-11-06 15:26:34'),
(313, 'Kangaroo', '1', 23, '2024-11-06 15:26:34', '2024-11-06 15:26:34'),
(314, 'Hafele', '1', 23, '2024-11-06 15:26:34', '2024-11-06 15:26:34'),
(315, 'Samsung', '1', 24, '2024-11-07 19:39:09', '2024-11-07 19:39:09'),
(316, 'LG', '1', 24, '2024-11-07 19:39:09', '2024-11-07 19:39:09'),
(317, 'Panasonic', '1', 24, '2024-11-07 19:39:09', '2024-11-07 19:39:09'),
(318, 'Sharp', '1', 24, '2024-11-07 19:39:09', '2024-11-07 19:39:09'),
(319, 'Electrolux', '1', 24, '2024-11-07 19:39:09', '2024-11-07 19:39:09'),
(320, 'Whirlpool', '1', 24, '2024-11-07 19:39:09', '2024-11-07 19:39:09'),
(321, 'Bosch', '1', 24, '2024-11-07 19:39:09', '2024-11-07 19:39:09'),
(322, 'Toshiba', '1', 24, '2024-11-07 19:39:09', '2024-11-07 19:39:09'),
(323, 'Midea', '1', 24, '2024-11-07 19:39:09', '2024-11-07 19:39:09'),
(324, 'Sanyo', '1', 24, '2024-11-07 19:39:09', '2024-11-07 19:39:09'),
(325, 'Breville', '1', 24, '2024-11-07 19:39:09', '2024-11-07 19:39:09'),
(326, 'Panasonic', '1', 25, '2024-11-07 19:40:45', '2024-11-07 19:40:45'),
(327, 'Philips', '1', 25, '2024-11-07 19:40:45', '2024-11-07 19:40:45'),
(328, 'Bosch', '1', 25, '2024-11-07 19:40:45', '2024-11-07 19:40:45'),
(329, 'Midea', '1', 25, '2024-11-07 19:40:45', '2024-11-07 19:40:45'),
(330, 'Sunhouse', '1', 25, '2024-11-07 19:40:45', '2024-11-07 19:40:45'),
(331, 'Tefal', '1', 25, '2024-11-07 19:40:45', '2024-11-07 19:40:45'),
(332, 'Sharp', '1', 25, '2024-11-07 19:40:45', '2024-11-07 19:40:45'),
(333, 'Electrolux', '1', 25, '2024-11-07 19:40:45', '2024-11-07 19:40:45'),
(334, 'Kenwood', '1', 25, '2024-11-07 19:40:45', '2024-11-07 19:40:45'),
(335, 'KitchenAid', '1', 25, '2024-11-07 19:40:45', '2024-11-07 19:40:45'),
(336, 'Braun', '1', 25, '2024-11-07 19:40:45', '2024-11-07 19:40:45'),
(337, 'Philips', '1', 26, '2024-11-07 19:41:33', '2024-11-07 19:41:33'),
(338, 'Panasonic', '1', 26, '2024-11-07 19:41:33', '2024-11-07 19:41:33'),
(339, 'Oster', '1', 26, '2024-11-07 19:41:33', '2024-11-07 19:41:33'),
(340, 'Blender', '1', 26, '2024-11-07 19:41:33', '2024-11-07 19:41:33'),
(341, 'Tefal', '1', 26, '2024-11-07 19:41:33', '2024-11-07 19:41:33'),
(342, 'Midea', '1', 26, '2024-11-07 19:41:33', '2024-11-07 19:41:33'),
(343, 'Electrolux', '1', 26, '2024-11-07 19:41:33', '2024-11-07 19:41:33'),
(344, 'Ninja', '1', 26, '2024-11-07 19:41:33', '2024-11-07 19:41:33'),
(345, 'Vitamix', '1', 26, '2024-11-07 19:41:33', '2024-11-07 19:41:33'),
(346, 'Hamilton Beach', '1', 26, '2024-11-07 19:41:33', '2024-11-07 19:41:33'),
(347, 'Kenwood', '1', 26, '2024-11-07 19:41:33', '2024-11-07 19:41:33'),
(348, 'Breville', '1', 26, '2024-11-07 19:41:33', '2024-11-07 19:41:33'),
(349, 'Black+Decker', '1', 26, '2024-11-07 19:41:33', '2024-11-07 19:41:33'),
(350, 'Smeg', '1', 26, '2024-11-07 19:41:33', '2024-11-07 19:41:33'),
(351, 'Sunhouse', '1', 26, '2024-11-07 19:41:33', '2024-11-07 19:41:33'),
(352, 'Samsung', '1', 27, '2024-11-07 19:42:23', '2024-11-07 19:42:23'),
(353, 'LG', '1', 27, '2024-11-07 19:42:23', '2024-11-07 19:42:23'),
(354, 'Panasonic', '1', 27, '2024-11-07 19:42:23', '2024-11-07 19:42:23'),
(355, 'Electrolux', '1', 27, '2024-11-07 19:42:23', '2024-11-07 19:42:23'),
(356, 'Whirlpool', '1', 27, '2024-11-07 19:42:23', '2024-11-07 19:42:23'),
(357, 'Bosch', '1', 27, '2024-11-07 19:42:23', '2024-11-07 19:42:23'),
(358, 'Sharp', '1', 27, '2024-11-07 19:42:23', '2024-11-07 19:42:23'),
(359, 'Toshiba', '1', 27, '2024-11-07 19:42:23', '2024-11-07 19:42:23'),
(360, 'Midea', '1', 27, '2024-11-07 19:42:23', '2024-11-07 19:42:23'),
(361, 'Hitachi', '1', 27, '2024-11-07 19:42:23', '2024-11-07 19:42:23'),
(362, 'Sanyo', '1', 27, '2024-11-07 19:42:23', '2024-11-07 19:42:23'),
(363, 'Frigidaire', '1', 27, '2024-11-07 19:42:23', '2024-11-07 19:42:23'),
(364, 'Haier', '1', 27, '2024-11-07 19:42:23', '2024-11-07 19:42:23'),
(365, 'Kenmore', '1', 27, '2024-11-07 19:42:23', '2024-11-07 19:42:23'),
(366, 'Ariston', '1', 27, '2024-11-07 19:42:23', '2024-11-07 19:42:23'),
(367, 'Dyson', '1', 28, '2024-11-07 19:43:13', '2024-11-07 19:43:13'),
(368, 'Shark', '1', 28, '2024-11-07 19:43:13', '2024-11-07 19:43:13'),
(369, 'Hoover', '1', 28, '2024-11-07 19:43:13', '2024-11-07 19:43:13'),
(370, 'Bissell', '1', 28, '2024-11-07 19:43:13', '2024-11-07 19:43:13'),
(371, 'Electrolux', '1', 28, '2024-11-07 19:43:13', '2024-11-07 19:43:13'),
(372, 'Philips', '1', 28, '2024-11-07 19:43:13', '2024-11-07 19:43:13'),
(373, 'Miele', '1', 28, '2024-11-07 19:43:13', '2024-11-07 19:43:13'),
(374, 'Samsung', '1', 28, '2024-11-07 19:43:13', '2024-11-07 19:43:13'),
(375, 'LG', '1', 28, '2024-11-07 19:43:13', '2024-11-07 19:43:13'),
(376, 'iRobot (Roomba)', '1', 28, '2024-11-07 19:43:13', '2024-11-07 19:43:13'),
(377, 'Tineco', '1', 28, '2024-11-07 19:43:13', '2024-11-07 19:43:13'),
(378, 'Black+Decker', '1', 28, '2024-11-07 19:43:13', '2024-11-07 19:43:13'),
(379, 'Karcher', '1', 28, '2024-11-07 19:43:13', '2024-11-07 19:43:13'),
(380, 'Vax', '1', 28, '2024-11-07 19:43:13', '2024-11-07 19:43:13'),
(381, 'Rowenta', '1', 28, '2024-11-07 19:43:13', '2024-11-07 19:43:13'),
(382, 'Philips', '1', 29, '2024-11-07 19:44:17', '2024-11-07 19:44:17'),
(383, 'Tefal', '1', 29, '2024-11-07 19:44:17', '2024-11-07 19:44:17'),
(384, 'Ninja', '1', 29, '2024-11-07 19:44:17', '2024-11-07 19:44:17'),
(385, 'Cosori', '1', 29, '2024-11-07 19:44:17', '2024-11-07 19:44:17'),
(386, 'Instant Pot', '1', 29, '2024-11-07 19:44:17', '2024-11-07 19:44:17'),
(387, 'Gourmia', '1', 29, '2024-11-07 19:44:17', '2024-11-07 19:44:17'),
(388, 'Black+Decker', '1', 29, '2024-11-07 19:44:17', '2024-11-07 19:44:17'),
(389, 'Midea', '1', 29, '2024-11-07 19:44:17', '2024-11-07 19:44:17'),
(390, 'Sharp', '1', 29, '2024-11-07 19:44:17', '2024-11-07 19:44:17'),
(391, 'Oster', '1', 29, '2024-11-07 19:44:17', '2024-11-07 19:44:17'),
(392, 'Cuisinart', '1', 29, '2024-11-07 19:44:17', '2024-11-07 19:44:17'),
(393, 'RO (Reverse Osmosis)', '1', 31, '2024-11-07 19:45:09', '2024-11-07 19:45:09'),
(394, 'Panasonic', '1', 31, '2024-11-07 19:45:09', '2024-11-07 19:45:09'),
(395, 'Coway', '1', 31, '2024-11-07 19:45:09', '2024-11-07 19:45:09'),
(396, 'A.O. Smith', '1', 31, '2024-11-07 19:45:09', '2024-11-07 19:45:09'),
(397, 'Electrolux', '1', 31, '2024-11-07 19:45:09', '2024-11-07 19:45:09'),
(398, 'Toshiba', '1', 31, '2024-11-07 19:45:09', '2024-11-07 19:45:09'),
(399, 'Sunhouse', '1', 31, '2024-11-07 19:45:09', '2024-11-07 19:45:09'),
(400, 'Midea', '1', 31, '2024-11-07 19:45:09', '2024-11-07 19:45:09'),
(401, 'Hafele', '1', 31, '2024-11-07 19:45:09', '2024-11-07 19:45:09'),
(402, 'LG', '1', 31, '2024-11-07 19:45:09', '2024-11-07 19:45:09'),
(403, 'Samsung', '1', 31, '2024-11-07 19:45:09', '2024-11-07 19:45:09'),
(404, 'Kangaroo', '1', 31, '2024-11-07 19:45:09', '2024-11-07 19:45:09'),
(405, 'Waterlogic', '1', 31, '2024-11-07 19:45:09', '2024-11-07 19:45:09'),
(406, 'Brita', '1', 31, '2024-11-07 19:45:09', '2024-11-07 19:45:09'),
(407, 'Aquasana', '1', 31, '2024-11-07 19:45:09', '2024-11-07 19:45:09'),
(408, 'Bút bi', '1', 33, '2024-11-07 19:46:18', '2024-11-07 19:46:18'),
(409, 'Bút chì', '1', 33, '2024-11-07 19:46:18', '2024-11-07 19:46:18'),
(410, 'Bút marker', '1', 33, '2024-11-07 19:46:18', '2024-11-07 19:46:18'),
(411, 'Bút lông nước', '1', 33, '2024-11-07 19:46:18', '2024-11-07 19:46:18'),
(412, 'Dụng cụ sửa lỗi', '1', 33, '2024-11-07 19:46:18', '2024-11-07 19:46:18'),
(413, 'Western Digital (WD)', '1', 34, '2024-11-07 19:47:00', '2024-11-07 19:47:00'),
(414, 'Seagate', '1', 34, '2024-11-07 19:47:00', '2024-11-07 19:47:00'),
(415, 'Samsung', '1', 34, '2024-11-07 19:47:00', '2024-11-07 19:47:00'),
(416, 'SanDisk', '1', 34, '2024-11-07 19:47:00', '2024-11-07 19:47:00'),
(417, 'Transcend', '1', 34, '2024-11-07 19:47:00', '2024-11-07 19:47:00'),
(418, 'Toshiba', '1', 34, '2024-11-07 19:47:00', '2024-11-07 19:47:00'),
(419, 'Crucial', '1', 34, '2024-11-07 19:47:00', '2024-11-07 19:47:00'),
(420, 'Kingston', '1', 34, '2024-11-07 19:47:00', '2024-11-07 19:47:00'),
(421, 'Lexar', '1', 34, '2024-11-07 19:47:00', '2024-11-07 19:47:00'),
(422, 'ADATA', '1', 34, '2024-11-07 19:47:00', '2024-11-07 19:47:00'),
(423, 'Máy chiếu (Projector)', '1', 35, '2024-11-07 19:48:59', '2024-11-07 19:48:59'),
(424, 'Màn chiếu (Screen)', '1', 35, '2024-11-07 19:48:59', '2024-11-07 19:48:59'),
(425, 'Micro không dây', '1', 35, '2024-11-07 19:48:59', '2024-11-07 19:48:59'),
(426, 'Loa di động', '1', 35, '2024-11-07 19:48:59', '2024-11-07 19:48:59'),
(427, 'Áo sơ mi', '1', 36, '2024-11-07 19:48:59', '2024-11-07 19:48:59'),
(428, 'Áo thun', '1', 36, '2024-11-07 19:48:59', '2024-11-07 19:48:59'),
(429, 'Áo khoác', '1', 36, '2024-11-07 19:48:59', '2024-11-07 19:48:59'),
(430, 'Quần tây', '1', 36, '2024-11-07 19:48:59', '2024-11-07 19:48:59'),
(431, 'Quần jean', '1', 36, '2024-11-07 19:48:59', '2024-11-07 19:48:59'),
(432, 'Quần shorts', '1', 36, '2024-11-07 19:48:59', '2024-11-07 19:48:59'),
(433, 'Váy', '1', 36, '2024-11-07 19:48:59', '2024-11-07 19:48:59'),
(434, 'Giày thể thao', '1', 37, '2024-11-07 19:48:59', '2024-11-07 19:48:59'),
(435, 'Giày thời trang', '1', 37, '2024-11-07 19:48:59', '2024-11-07 19:48:59'),
(436, 'Giày công sở', '1', 37, '2024-11-07 19:48:59', '2024-11-07 19:48:59'),
(437, 'Giày bốt (Boots)', '1', 37, '2024-11-07 19:48:59', '2024-11-07 19:48:59'),
(438, 'Dép', '1', 37, '2024-11-07 19:48:59', '2024-11-07 19:48:59'),
(439, 'Túi xách tay', '1', 38, '2024-11-07 19:48:59', '2024-11-07 19:48:59'),
(440, 'Túi đeo chéo', '1', 38, '2024-11-07 19:48:59', '2024-11-07 19:48:59'),
(441, 'Balo', '1', 38, '2024-11-07 19:48:59', '2024-11-07 19:48:59'),
(442, 'Ví', '1', 38, '2024-11-07 19:48:59', '2024-11-07 19:48:59'),
(443, 'Nón', '1', 38, '2024-11-07 19:48:59', '2024-11-07 19:48:59'),
(444, 'Kính mát', '1', 38, '2024-11-07 19:48:59', '2024-11-07 19:48:59'),
(445, 'Thắt lưng', '1', 38, '2024-11-07 19:48:59', '2024-11-07 19:48:59'),
(446, 'Vali kéo', '1', 39, '2024-11-07 19:52:33', '2024-11-07 19:52:33'),
(447, 'Túi đựng đồ ướt', '1', 39, '2024-11-07 19:52:33', '2024-11-07 19:52:33'),
(448, 'Gậy chụp ảnh selfie', '1', 39, '2024-11-07 19:52:33', '2024-11-07 19:52:33'),
(449, 'Ổ cắm đa năng', '1', 39, '2024-11-07 19:52:33', '2024-11-07 19:52:33'),
(450, 'Tạ tay, tạ đơn, tạ đòn', '1', 40, '2024-11-07 19:52:33', '2024-11-07 19:52:33'),
(451, 'Dây kháng lực', '1', 40, '2024-11-07 19:52:33', '2024-11-07 19:52:33'),
(452, 'Con lăn tập bụng', '1', 40, '2024-11-07 19:52:33', '2024-11-07 19:52:33'),
(453, 'Máy chạy bộ và xe đạp tập', '1', 40, '2024-11-07 19:52:33', '2024-11-07 19:52:33'),
(454, 'Vợt cầu lông', '1', 40, '2024-11-07 19:52:33', '2024-11-07 19:52:33'),
(455, 'Mũ bảo hiểm', '1', 40, '2024-11-07 19:52:33', '2024-11-07 19:52:33'),
(456, 'Ván trượt', '1', 40, '2024-11-07 19:52:33', '2024-11-07 19:52:33'),
(457, 'Găng tay boxing', '1', 40, '2024-11-07 19:52:33', '2024-11-07 19:52:33'),
(458, 'Tiểu thuyết', '1', 41, '2024-11-07 19:52:33', '2024-11-07 19:52:33'),
(459, 'Thơ', '1', 41, '2024-11-07 19:52:33', '2024-11-07 19:52:33'),
(460, 'Truyện ngắn', '1', 41, '2024-11-07 19:52:33', '2024-11-07 19:52:33'),
(461, 'Bút kí', '1', 41, '2024-11-07 19:52:33', '2024-11-07 19:52:33'),
(462, 'Truyện thiếu nhi', '1', 41, '2024-11-07 19:52:33', '2024-11-07 19:52:33'),
(463, 'Kỹ năng giao tiếp', '1', 42, '2024-11-07 19:52:33', '2024-11-07 19:52:33'),
(464, 'Quản lý thời gian và công việc', '1', 42, '2024-11-07 19:52:33', '2024-11-07 19:52:33'),
(465, 'Phát triển tư duy và sáng tạo', '1', 42, '2024-11-07 19:52:33', '2024-11-07 19:52:33'),
(466, 'Tự hoàn thiện và kỷ luật bản thân', '1', 42, '2024-11-07 19:52:33', '2024-11-07 19:52:33'),
(467, 'Phát triển năng lực lãnh đạo', '1', 42, '2024-11-07 19:52:33', '2024-11-07 19:52:33'),
(468, 'Tài chính cá nhân và quản lý tiền bạc', '1', 42, '2024-11-07 19:52:33', '2024-11-07 19:52:33'),
(469, 'Đối phó với căng thẳng và quản lý cảm xúc', '1', 42, '2024-11-07 19:52:33', '2024-11-07 19:52:33'),
(470, 'Kỹ năng đàm phán và thuyết phục', '1', 42, '2024-11-07 19:52:33', '2024-11-07 19:52:33'),
(471, 'Khoa học tự nhiên', '1', 43, '2024-11-07 19:52:33', '2024-11-07 19:52:33'),
(472, 'Khoa học xã hội', '1', 43, '2024-11-07 19:52:33', '2024-11-07 19:52:33'),
(473, 'Công nghệ thông tin', '1', 43, '2024-11-07 19:52:33', '2024-11-07 19:52:33'),
(474, 'Kỹ thuật', '1', 43, '2024-11-07 19:52:33', '2024-11-07 19:52:33'),
(475, 'Khoa học môi trường', '1', 43, '2024-11-07 19:52:33', '2024-11-07 19:52:33'),
(476, 'Công nghệ và đổi mới', '1', 43, '2024-11-07 19:52:33', '2024-11-07 19:52:33'),
(477, 'Samsung', '1', 45, '2024-11-07 20:15:14', '2024-11-07 20:15:14'),
(478, 'LG', '1', 45, '2024-11-07 20:15:14', '2024-11-07 20:15:14'),
(479, 'Sony', '1', 45, '2024-11-07 20:15:14', '2024-11-07 20:15:14'),
(480, 'Panasonic', '1', 45, '2024-11-07 20:15:14', '2024-11-07 20:15:14'),
(481, 'TCL', '1', 45, '2024-11-07 20:15:14', '2024-11-07 20:15:14'),
(482, 'Sharp', '1', 45, '2024-11-07 20:15:14', '2024-11-07 20:15:14'),
(483, 'Hisense', '1', 45, '2024-11-07 20:15:14', '2024-11-07 20:15:14');

-- --------------------------------------------------------

--
-- Cấu trúc bảng cho bảng `feedbacks`
--

CREATE TABLE `feedbacks` (
  `feedback_id` bigint(20) NOT NULL,
  `user_id` bigint(20) NOT NULL,
  `status` char(1) NOT NULL DEFAULT '1',
  `title` varchar(255) NOT NULL,
  `content` varchar(255) NOT NULL,
  `create_at` timestamp NOT NULL DEFAULT current_timestamp() ON UPDATE current_timestamp(),
  `update_at` timestamp NOT NULL DEFAULT current_timestamp()
) ENGINE=InnoDB DEFAULT CHARSET=utf8mb4 COLLATE=utf8mb4_general_ci;

-- --------------------------------------------------------

--
-- Cấu trúc bảng cho bảng `images`
--

CREATE TABLE `images` (
  `image_id` bigint(20) NOT NULL,
  `image_name` varchar(255) NOT NULL,
  `product_id` bigint(20) NOT NULL,
  `user_id` bigint(20) NOT NULL,
  `registration_product_id` bigint(20) DEFAULT NULL,
  `description` varchar(255) DEFAULT NULL,
  `create_at` datetime NOT NULL DEFAULT current_timestamp() ON UPDATE current_timestamp(),
  `update_at` datetime NOT NULL DEFAULT current_timestamp()
) ENGINE=InnoDB DEFAULT CHARSET=utf8mb4 COLLATE=utf8mb4_general_ci;

--
-- Đang đổ dữ liệu cho bảng `images`
--

INSERT INTO `images` (`image_id`, `image_name`, `product_id`, `user_id`, `registration_product_id`, `description`, `create_at`, `update_at`) VALUES
(1, 'tivi-samsung.jpg', 1, 1, NULL, NULL, '2024-11-07 20:53:00', '2024-11-07 20:53:00');

-- --------------------------------------------------------

--
-- Cấu trúc bảng cho bảng `messages`
--

CREATE TABLE `messages` (
  `message_id` bigint(20) NOT NULL,
  `sender_id` bigint(20) NOT NULL,
  `receive_id` bigint(20) NOT NULL,
  `content` varchar(255) NOT NULL,
  `status` char(1) NOT NULL,
  `create_at` timestamp NOT NULL DEFAULT current_timestamp() ON UPDATE current_timestamp(),
  `update_at` timestamp NOT NULL DEFAULT '0000-00-00 00:00:00'
) ENGINE=InnoDB DEFAULT CHARSET=utf8mb4 COLLATE=utf8mb4_general_ci;

-- --------------------------------------------------------

--
-- Cấu trúc bảng cho bảng `notifications`
--

CREATE TABLE `notifications` (
  `notification_id` bigint(20) NOT NULL,
  `notification_name` varchar(255) NOT NULL,
  `content` varchar(255) NOT NULL,
  `description` varchar(255) NOT NULL,
  `status` char(1) NOT NULL,
  `create_at` datetime NOT NULL DEFAULT current_timestamp() ON UPDATE current_timestamp(),
  `update_at` datetime NOT NULL DEFAULT current_timestamp(),
  `user_id` bigint(20) NOT NULL
) ENGINE=InnoDB DEFAULT CHARSET=utf8mb4 COLLATE=utf8mb4_general_ci;

-- --------------------------------------------------------

--
-- Cấu trúc bảng cho bảng `orders`
--

CREATE TABLE `orders` (
  `order_id` bigint(20) NOT NULL,
  `user_id` bigint(20) NOT NULL,
  `order_date` timestamp NOT NULL DEFAULT current_timestamp() ON UPDATE current_timestamp(),
  `total_amount` int(11) NOT NULL,
  `create_at` timestamp NOT NULL DEFAULT '0000-00-00 00:00:00',
  `update_at` timestamp NOT NULL DEFAULT '0000-00-00 00:00:00',
  `status` char(1) NOT NULL
) ENGINE=InnoDB DEFAULT CHARSET=utf8mb4 COLLATE=utf8mb4_general_ci;

-- --------------------------------------------------------

--
-- Cấu trúc bảng cho bảng `order_details`
--

CREATE TABLE `order_details` (
  `order_detail_id` bigint(20) NOT NULL,
  `order_id` bigint(20) NOT NULL,
  `product_id` bigint(20) NOT NULL,
  `quantity` int(11) NOT NULL,
  `price` int(11) NOT NULL,
  `linetotal` int(11) NOT NULL,
  `update_at` timestamp NOT NULL DEFAULT current_timestamp() ON UPDATE current_timestamp(),
  `create_at` timestamp NOT NULL DEFAULT '0000-00-00 00:00:00'
) ENGINE=InnoDB DEFAULT CHARSET=utf8mb4 COLLATE=utf8mb4_general_ci;

-- --------------------------------------------------------

--
-- Cấu trúc bảng cho bảng `permissions`
--

CREATE TABLE `permissions` (
  `permission_id` bigint(20) NOT NULL,
  `permission_name` varchar(255) NOT NULL,
  `role_id` bigint(20) NOT NULL,
  `create_at` datetime NOT NULL DEFAULT current_timestamp() ON UPDATE current_timestamp(),
  `update_at` datetime NOT NULL DEFAULT current_timestamp()
) ENGINE=InnoDB DEFAULT CHARSET=utf8mb4 COLLATE=utf8mb4_general_ci;

--
-- Đang đổ dữ liệu cho bảng `permissions`
--

INSERT INTO `permissions` (`permission_id`, `permission_name`, `role_id`, `create_at`, `update_at`) VALUES
(1, 'ALL PRIVILEGES ON carts', 1, '2024-11-07 15:05:17', '2024-11-07 15:05:17'),
(2, 'ALL PRIVILEGES ON images', 1, '2024-11-07 15:05:17', '2024-11-07 15:05:17'),
(3, 'ALL PRIVILEGES ON messages', 1, '2024-11-07 15:05:17', '2024-11-07 15:05:17'),
(4, 'SELECT, UPDATE ON notifications', 1, '2024-11-07 15:05:17', '2024-11-07 15:05:17'),
(5, 'SELECT, UPDATE ON orders', 1, '2024-11-07 15:05:17', '2024-11-07 15:05:17'),
(6, 'SELECT, UPDATE ON order_details', 1, '2024-11-07 15:05:17', '2024-11-07 15:05:17'),
(7, 'ALL PRIVILEGES ON products', 1, '2024-11-07 15:05:17', '2024-11-07 15:05:17'),
(8, 'ALL PRIVILEGES ON registration_products', 1, '2024-11-07 15:05:17', '2024-11-07 15:05:17'),
(9, 'SELECT, INSERT ON reviews', 1, '2024-11-07 15:05:17', '2024-11-07 15:05:17'),
(10, 'SELECT, INSERT, UPDATE ON signup', 1, '2024-11-07 15:05:17', '2024-11-07 15:05:17'),
(11, 'SELECT, INSERT, UPDATE ON users', 1, '2024-11-07 15:05:17', '2024-11-07 15:05:17'),
(12, 'ALL PRIVILEGES ON video_products', 1, '2024-11-07 15:05:17', '2024-11-07 15:05:17'),
(13, 'SELECT, INSERT, DELETE ON whistlists', 1, '2024-11-07 15:05:17', '2024-11-07 15:05:17'),
(14, 'ALL PRIVILEGES ON carts', 2, '2024-11-07 15:06:36', '2024-11-07 15:06:36'),
(15, 'SELECT ON images', 2, '2024-11-07 15:06:36', '2024-11-07 15:06:36'),
(16, 'ALL PRIVILEGES ON messages', 2, '2024-11-07 15:06:36', '2024-11-07 15:06:36'),
(17, 'SELECT, UPDATE ON notifications', 2, '2024-11-07 15:06:36', '2024-11-07 15:06:36'),
(18, 'SELECT, UPDATE ON orders', 2, '2024-11-07 15:06:36', '2024-11-07 15:06:36'),
(19, 'SELECT, UPDATE ON order_details', 2, '2024-11-07 15:06:36', '2024-11-07 15:06:36'),
(20, 'SELECT ON products', 2, '2024-11-07 15:06:36', '2024-11-07 15:06:36'),
(21, 'SELECT, INSERT ON reviews', 2, '2024-11-07 15:06:36', '2024-11-07 15:06:36'),
(22, 'SELECT, INSERT, UPDATE ON signup', 2, '2024-11-07 15:06:36', '2024-11-07 15:06:36'),
(23, 'SELECT, INSERT, UPDATE ON users', 2, '2024-11-07 15:06:36', '2024-11-07 15:06:36'),
(24, 'SELECT ON video_products', 2, '2024-11-07 15:06:36', '2024-11-07 15:06:36'),
(25, 'SELECT, INSERT, DELETE ON whistlists', 2, '2024-11-07 15:06:36', '2024-11-07 15:06:36');

-- --------------------------------------------------------

--
-- Cấu trúc bảng cho bảng `products`
--

CREATE TABLE `products` (
  `product_id` bigint(20) NOT NULL,
  `product_name` varchar(255) NOT NULL,
  `quantity` int(11) NOT NULL,
  `price` int(11) NOT NULL,
  `status` char(1) NOT NULL DEFAULT '1',
  `description` longtext NOT NULL,
  `view` int(11) NOT NULL DEFAULT 1,
  `category_item_id` bigint(20) NOT NULL,
  `company_id` bigint(20) NOT NULL,
  `status_product_id` bigint(20) NOT NULL,
  `warranty_policy_id` bigint(20) NOT NULL,
  `create_at` datetime NOT NULL DEFAULT current_timestamp() ON UPDATE current_timestamp(),
  `update_at` datetime NOT NULL DEFAULT current_timestamp(),
  `user_id` bigint(20) NOT NULL,
  `category_attribute_id` bigint(20) NOT NULL,
  `attribute_id` bigint(20) NOT NULL
) ENGINE=InnoDB DEFAULT CHARSET=utf8mb4 COLLATE=utf8mb4_general_ci;

--
-- Đang đổ dữ liệu cho bảng `products`
--

INSERT INTO `products` (`product_id`, `product_name`, `quantity`, `price`, `status`, `description`, `view`, `category_item_id`, `company_id`, `status_product_id`, `warranty_policy_id`, `create_at`, `update_at`, `user_id`, `category_attribute_id`, `attribute_id`) VALUES
(1, 'TV OLED Độ Nét Siêu Cao', 10, 4500000, '1', 'Sản phẩm TV OLED này mang đến trải nghiệm xem tuyệt vời với những tính năng nổi bật:\r\n\r\nCông nghệ OLED tiên tiến cho độ tương phản và độ sâu màu sắc vượt trội\r\nĐộ phân giải 4K Ultra HD (3840 x 2160) mang lại hình ảnh sắc nét, chi tiết\r\nTấm nền OLED không cần đèn nền, giúp tối ưu độ mỏng và tiết kiệm điện năng\r\nTích hợp công nghệ HDR cho khả năng tái tạo màu sắc chân thực, sống động\r\nThiết kế hiện đại, tinh tế với viền màn hình siêu mỏng\r\nHệ điều hành thông minh, tích hợp đầy đủ các ứng dụng giải trí\r\nTrải nghiệm xem phim, chơi game hay thưởng thức nội dung đa phương tiện với chất lượng hình ảnh sống động và sắc nét chưa từng có.', 6, 45, 95, 2, 5, '2024-11-07 22:13:20', '2024-11-07 20:50:39', 1, 95, 173);

-- --------------------------------------------------------

--
-- Cấu trúc bảng cho bảng `registration_products`
--

CREATE TABLE `registration_products` (
  `registration_product_id` bigint(20) NOT NULL,
  `company_id` bigint(20) NOT NULL,
  `category_id` bigint(20) NOT NULL,
  `category_item_id` bigint(20) NOT NULL,
  `category_attribute_id` bigint(20) NOT NULL,
  `attribute_id` bigint(20) NOT NULL,
  `user_id` bigint(20) NOT NULL,
  `warranty_policy_id` bigint(20) NOT NULL,
  `title` varchar(255) NOT NULL,
  `price` int(11) NOT NULL,
  `quantity` int(11) NOT NULL,
  `status` char(1) NOT NULL,
  `description` varchar(255) NOT NULL,
  `note` varchar(255) DEFAULT NULL,
  `address` varbinary(255) NOT NULL,
  `create_at` timestamp NOT NULL DEFAULT current_timestamp() ON UPDATE current_timestamp(),
  `update_at` timestamp NOT NULL DEFAULT '0000-00-00 00:00:00',
  `product_name` varchar(255) NOT NULL
) ENGINE=InnoDB DEFAULT CHARSET=utf8mb4 COLLATE=utf8mb4_general_ci;

-- --------------------------------------------------------

--
-- Cấu trúc bảng cho bảng `reviews`
--

CREATE TABLE `reviews` (
  `review_id` bigint(20) NOT NULL,
  `user_id` bigint(20) NOT NULL,
  `product_id` bigint(20) NOT NULL,
  `content` varchar(255) NOT NULL,
  `rating_star` int(11) NOT NULL,
  `status` char(1) NOT NULL,
  `create_at` datetime NOT NULL DEFAULT current_timestamp() ON UPDATE current_timestamp(),
  `update_at` datetime NOT NULL DEFAULT current_timestamp()
) ENGINE=InnoDB DEFAULT CHARSET=utf8mb4 COLLATE=utf8mb4_general_ci;

--
-- Đang đổ dữ liệu cho bảng `reviews`
--

INSERT INTO `reviews` (`review_id`, `user_id`, `product_id`, `content`, `rating_star`, `status`, `create_at`, `update_at`) VALUES
(1, 1, 1, 'Sản phẩm đúng như hình', 4, '1', '2024-11-07 21:25:56', '2024-11-07 21:25:56');

-- --------------------------------------------------------

--
-- Cấu trúc bảng cho bảng `roles`
--

CREATE TABLE `roles` (
  `role_id` bigint(20) NOT NULL,
  `role_name` varchar(255) NOT NULL,
  `create_at` datetime NOT NULL DEFAULT current_timestamp() ON UPDATE current_timestamp(),
  `update_at` datetime NOT NULL DEFAULT current_timestamp()
) ENGINE=InnoDB DEFAULT CHARSET=utf8mb4 COLLATE=utf8mb4_general_ci;

--
-- Đang đổ dữ liệu cho bảng `roles`
--

INSERT INTO `roles` (`role_id`, `role_name`, `create_at`, `update_at`) VALUES
(1, 'seller', '2024-11-06 23:16:41', '0000-00-00 00:00:00'),
(2, 'buyer', '2024-11-06 23:16:41', '2024-11-06 11:37:50'),
(3, 'system_administrator', '2024-11-06 23:16:41', '2024-11-06 11:37:50'),
(4, 'admin', '2024-11-06 23:16:41', '2024-11-06 11:37:50');

-- --------------------------------------------------------

--
-- Cấu trúc bảng cho bảng `signup`
--

CREATE TABLE `signup` (
  `signup_id` bigint(20) NOT NULL,
  `user_id` bigint(20) NOT NULL,
  `user_name` varchar(200) NOT NULL,
  `number_phone` char(11) DEFAULT NULL,
  `email` char(50) NOT NULL,
  `status` char(1) NOT NULL DEFAULT '1',
  `password` varchar(255) NOT NULL,
  `create_at` datetime NOT NULL DEFAULT current_timestamp() ON UPDATE current_timestamp(),
  `update_at` datetime NOT NULL DEFAULT current_timestamp(),
  `type_signup_id` bigint(20) NOT NULL
) ENGINE=InnoDB DEFAULT CHARSET=utf8mb4 COLLATE=utf8mb4_general_ci;

--
-- Đang đổ dữ liệu cho bảng `signup`
--

INSERT INTO `signup` (`signup_id`, `user_id`, `user_name`, `number_phone`, `email`, `status`, `password`, `create_at`, `update_at`, `type_signup_id`) VALUES
(1, 1, 'Nguyễn Nguyễn Phong', '0912345678', 'phongnguyen.050503@gmail.com', '1', '1679d9facf1a0c1d09d7a570775f74ca', '2024-11-07 08:01:14', '2024-11-07 08:01:14', 1);

--
-- Bẫy `signup`
--
DELIMITER $$
CREATE TRIGGER `after_signup_insert` AFTER INSERT ON `signup` FOR EACH ROW BEGIN
    INSERT INTO users (user_id, user_name, number_phone, email)
    VALUES (NEW.user_id, NEW.user_name, NEW.number_phone, NEW.email);
END
$$
DELIMITER ;

-- --------------------------------------------------------

--
-- Cấu trúc bảng cho bảng `status_products`
--

CREATE TABLE `status_products` (
  `status_product_id` bigint(20) NOT NULL,
  `status_product_name` varchar(255) NOT NULL,
  `description` varchar(255) NOT NULL,
  `create_at` datetime NOT NULL DEFAULT current_timestamp() ON UPDATE current_timestamp(),
  `update_at` datetime NOT NULL DEFAULT current_timestamp()
) ENGINE=InnoDB DEFAULT CHARSET=utf8mb4 COLLATE=utf8mb4_general_ci;

--
-- Đang đổ dữ liệu cho bảng `status_products`
--

INSERT INTO `status_products` (`status_product_id`, `status_product_name`, `description`, `create_at`, `update_at`) VALUES
(1, 'Như mới', 'Xe được bảo dưỡng tốt, không có trầy xước hoặc hư hỏng lớn.', '2024-11-07 15:01:56', '2024-11-07 15:01:56'),
(2, 'Còn tốt', 'Có thể có một số dấu hiệu sử dụng nhưng hoạt động vẫn ổn định.', '2024-11-07 15:01:56', '2024-11-07 15:01:56'),
(3, 'Đã qua sử dụng', 'Có nhiều dấu hiệu hao mòn, có thể cần sửa chữa nhỏ.', '2024-11-07 15:01:56', '2024-11-07 15:01:56'),
(4, 'Cần sửa chữa', 'Xe có một số vấn đề kỹ thuật cần khắc phục trước khi sử dụng an toàn.', '2024-11-07 15:01:56', '2024-11-07 15:01:56'),
(5, 'Phụ tùng', 'Xe không còn sử dụng được, chỉ còn dùng cho việc tháo phụ tùng.', '2024-11-07 15:01:56', '2024-11-07 15:01:56'),
(6, 'Như mới', 'Gần như không có dấu hiệu sử dụng, vẫn còn bảo hành.', '2024-11-07 15:01:56', '2024-11-07 15:01:56'),
(7, 'Tốt', 'Hoạt động bình thường, có một vài vết trầy xước nhẹ.', '2024-11-07 15:01:56', '2024-11-07 15:01:56'),
(8, 'Đã qua sử dụng', 'Một số hao mòn, có thể không còn bảo hành.', '2024-11-07 15:01:56', '2024-11-07 15:01:56'),
(9, 'Cần sửa chữa', 'Có lỗi hoặc hư hỏng, cần sửa trước khi sử dụng.', '2024-11-07 15:01:56', '2024-11-07 15:01:56'),
(10, 'Như mới', 'Gần như mới hoàn toàn, ít sử dụng và hoạt động ổn định.', '2024-11-07 15:01:56', '2024-11-07 15:01:56'),
(11, 'Tốt', 'Có thể có dấu vết sử dụng nhỏ, nhưng hoạt động bình thường.', '2024-11-07 15:01:56', '2024-11-07 15:01:56'),
(12, 'Đã qua sử dụng', 'Hoạt động bình thường nhưng có dấu hiệu hao mòn rõ.', '2024-11-07 15:01:56', '2024-11-07 15:01:56'),
(13, 'Cần sửa chữa', 'Có vấn đề hoặc hư hỏng, cần sửa chữa để dùng tốt.', '2024-11-07 15:01:56', '2024-11-07 15:01:56'),
(14, 'Như mới', 'Ít hoặc không có dấu hiệu sử dụng.', '2024-11-07 15:01:56', '2024-11-07 15:01:56'),
(15, 'Tốt', 'Đã qua sử dụng nhưng không hư hại lớn, hoạt động tốt.', '2024-11-07 15:01:56', '2024-11-07 15:01:56'),
(16, 'Đã qua sử dụng', 'Có nhiều dấu hiệu hao mòn nhưng vẫn dùng được.', '2024-11-07 15:01:56', '2024-11-07 15:01:56'),
(17, 'Cần sửa chữa', 'Có hư hại, chỉ sử dụng được sau khi sửa chữa.', '2024-11-07 15:01:56', '2024-11-07 15:01:56'),
(18, 'Như mới', 'Rất ít sử dụng, không có vết trầy xước hay hỏng hóc.', '2024-11-07 15:01:56', '2024-11-07 15:01:56'),
(19, 'Tốt', 'Đã qua sử dụng nhưng còn mới, không bị mòn nhiều.', '2024-11-07 15:01:56', '2024-11-07 15:01:56'),
(20, 'Đã qua sử dụng', 'Có dấu hiệu sử dụng rõ ràng nhưng còn tốt.', '2024-11-07 15:01:56', '2024-11-07 15:01:56'),
(21, 'Cần sửa chữa hoặc giặt sạch', 'Cần chăm sóc hoặc làm sạch trước khi dùng.', '2024-11-07 15:01:56', '2024-11-07 15:01:56'),
(22, 'Như mới', 'Sử dụng ít, gần như mới hoàn toàn.', '2024-11-07 15:01:56', '2024-11-07 15:01:56'),
(23, 'Tốt', 'Có một số dấu hiệu hao mòn nhưng còn sử dụng tốt.', '2024-11-07 15:01:56', '2024-11-07 15:01:56'),
(24, 'Đã qua sử dụng', 'Nhiều dấu hiệu hao mòn nhưng vẫn dùng được.', '2024-11-07 15:01:56', '2024-11-07 15:01:56'),
(25, 'Cần sửa chữa', 'Có hư hại, cần sửa chữa trước khi dùng an toàn.', '2024-11-07 15:01:56', '2024-11-07 15:01:56'),
(26, 'Như mới', 'Sách gần như mới, không có trang gấp hay rách.', '2024-11-07 15:01:56', '2024-11-07 15:01:56'),
(27, 'Tốt', 'Một vài dấu hiệu sử dụng, nhưng sách vẫn còn sạch và nguyên vẹn.', '2024-11-07 15:01:56', '2024-11-07 15:01:56'),
(28, 'Đã qua sử dụng', 'Có vết gấp, dấu bút hoặc ghi chú, nhưng không ảnh hưởng đến nội dung.', '2024-11-07 15:01:56', '2024-11-07 15:01:56'),
(29, 'Cũ', 'Sách có nhiều dấu hiệu cũ hoặc hỏng, có thể có trang rách.', '2024-11-07 15:01:56', '2024-11-07 15:01:56');

-- --------------------------------------------------------

--
-- Cấu trúc bảng cho bảng `type_signups`
--

CREATE TABLE `type_signups` (
  `type_signup_id` bigint(20) NOT NULL,
  `type_name` varchar(255) NOT NULL,
  `status` char(1) NOT NULL DEFAULT '1',
  `create_at` datetime NOT NULL DEFAULT current_timestamp() ON UPDATE current_timestamp(),
  `update_at` datetime NOT NULL DEFAULT current_timestamp()
) ENGINE=InnoDB DEFAULT CHARSET=utf8mb4 COLLATE=utf8mb4_general_ci;

--
-- Đang đổ dữ liệu cho bảng `type_signups`
--

INSERT INTO `type_signups` (`type_signup_id`, `type_name`, `status`, `create_at`, `update_at`) VALUES
(1, 'Đăng ký trực tiếp', '1', '2024-11-06 11:38:54', '2024-11-06 11:38:54'),
(2, 'Đăng ký bằng tài khoản Google', '1', '2024-11-06 11:38:54', '2024-11-06 11:38:54');

-- --------------------------------------------------------

--
-- Cấu trúc bảng cho bảng `users`
--

CREATE TABLE `users` (
  `user_id` bigint(20) NOT NULL,
  `user_name` varchar(255) NOT NULL,
  `number_phone` char(11) DEFAULT NULL,
  `email` char(50) NOT NULL,
  `address` varchar(255) DEFAULT NULL,
  `date_of_birth` date DEFAULT NULL,
  `status` char(1) NOT NULL DEFAULT '1',
  `mark` int(11) NOT NULL DEFAULT 0,
  `role_id` bigint(20) NOT NULL DEFAULT 2
) ENGINE=InnoDB DEFAULT CHARSET=utf8mb4 COLLATE=utf8mb4_general_ci;

--
-- Đang đổ dữ liệu cho bảng `users`
--

INSERT INTO `users` (`user_id`, `user_name`, `number_phone`, `email`, `address`, `date_of_birth`, `status`, `mark`, `role_id`) VALUES
(1, 'Nguyễn Nguyễn Phong', '0912345678', 'phongnguyen.050503@gmail.com', NULL, NULL, '1', 0, 2);

-- --------------------------------------------------------

--
-- Cấu trúc bảng cho bảng `video_products`
--

CREATE TABLE `video_products` (
  `video_id` bigint(20) NOT NULL,
  `registration_product_id` bigint(20) NOT NULL,
  `name_video` varchar(255) NOT NULL,
  `description` varchar(255) NOT NULL,
  `create_at` timestamp NOT NULL DEFAULT current_timestamp() ON UPDATE current_timestamp(),
  `update_at` timestamp NOT NULL DEFAULT '0000-00-00 00:00:00',
  `product_id` bigint(20) NOT NULL
) ENGINE=InnoDB DEFAULT CHARSET=utf8mb4 COLLATE=utf8mb4_general_ci;

-- --------------------------------------------------------

--
-- Cấu trúc bảng cho bảng `warranty_policies`
--

CREATE TABLE `warranty_policies` (
  `warranty_policy_id` bigint(20) NOT NULL,
  `warranty_policy_name` varchar(255) NOT NULL,
  `create_at` datetime NOT NULL DEFAULT current_timestamp(),
  `update_at` datetime NOT NULL DEFAULT current_timestamp()
) ENGINE=InnoDB DEFAULT CHARSET=utf8mb4 COLLATE=utf8mb4_general_ci;

--
-- Đang đổ dữ liệu cho bảng `warranty_policies`
--

INSERT INTO `warranty_policies` (`warranty_policy_id`, `warranty_policy_name`, `create_at`, `update_at`) VALUES
(1, 'Bảo hành 12 tháng', '2024-11-06 11:34:37', '2024-11-06 11:34:37'),
(2, 'Bảo hành 9 tháng', '2024-11-06 11:36:27', '2024-11-06 11:36:27'),
(3, 'Bảo hành 6 tháng', '2024-11-06 11:36:27', '2024-11-06 11:36:27'),
(4, 'Bảo hành 3 tháng', '2024-11-06 11:36:27', '2024-11-06 11:36:27'),
(5, 'Bảo hành 1 tháng', '2024-11-06 11:36:27', '2024-11-06 11:36:27'),
(6, 'Bảo hành 15 ngày', '2024-11-06 11:36:27', '2024-11-06 11:36:27'),
(7, 'Bảo hành 10 ngày', '2024-11-06 11:36:27', '2024-11-06 11:36:27'),
(8, 'Bảo hành 3 ngày', '2024-11-06 11:36:27', '2024-11-06 11:36:27'),
(9, 'Bảo hành 3 ngày cho phép đổi trả', '2024-11-06 11:36:27', '2024-11-06 11:36:27'),
(10, 'Bảo hành 10 ngày cho phép đổi trả', '2024-11-06 11:36:27', '2024-11-06 11:36:27'),
(11, 'Bảo hành 15 ngày cho phép đổi trả', '2024-11-06 11:36:27', '2024-11-06 11:36:27');

-- --------------------------------------------------------

--
-- Cấu trúc bảng cho bảng `whistlists`
--

CREATE TABLE `whistlists` (
  `whistlist_id` bigint(20) NOT NULL,
  `product_id` bigint(20) NOT NULL,
  `user_id` bigint(20) NOT NULL,
  `status` char(1) NOT NULL,
  `create_at` timestamp NOT NULL DEFAULT current_timestamp() ON UPDATE current_timestamp()
) ENGINE=InnoDB DEFAULT CHARSET=utf8mb4 COLLATE=utf8mb4_general_ci;

--
-- Chỉ mục cho các bảng đã đổ
--

--
-- Chỉ mục cho bảng `attributes`
--
ALTER TABLE `attributes`
  ADD PRIMARY KEY (`attribute_id`),
  ADD KEY `category_attribute_id` (`category_attribute_id`);

--
-- Chỉ mục cho bảng `carts`
--
ALTER TABLE `carts`
  ADD PRIMARY KEY (`cart_id`),
  ADD KEY `product_id` (`product_id`),
  ADD KEY `user_id` (`user_id`);

--
-- Chỉ mục cho bảng `categories`
--
ALTER TABLE `categories`
  ADD PRIMARY KEY (`category_id`);

--
-- Chỉ mục cho bảng `category_attributes`
--
ALTER TABLE `category_attributes`
  ADD PRIMARY KEY (`category_attribute_id`),
  ADD KEY `caterogy_id` (`category_id`);

--
-- Chỉ mục cho bảng `category_items`
--
ALTER TABLE `category_items`
  ADD PRIMARY KEY (`category_item_id`),
  ADD KEY `category_id` (`category_id`);

--
-- Chỉ mục cho bảng `companies`
--
ALTER TABLE `companies`
  ADD PRIMARY KEY (`company_id`),
  ADD KEY `category_item_id` (`category_item_id`);

--
-- Chỉ mục cho bảng `feedbacks`
--
ALTER TABLE `feedbacks`
  ADD PRIMARY KEY (`feedback_id`),
  ADD KEY `user_id` (`user_id`);

--
-- Chỉ mục cho bảng `images`
--
ALTER TABLE `images`
  ADD PRIMARY KEY (`image_id`),
  ADD KEY `product_id` (`product_id`),
  ADD KEY `user_id` (`user_id`),
  ADD KEY `registration_product_id` (`registration_product_id`);

--
-- Chỉ mục cho bảng `messages`
--
ALTER TABLE `messages`
  ADD PRIMARY KEY (`message_id`),
  ADD UNIQUE KEY `message_id` (`message_id`),
  ADD KEY `sender_id` (`sender_id`),
  ADD KEY `receive_id` (`receive_id`);

--
-- Chỉ mục cho bảng `notifications`
--
ALTER TABLE `notifications`
  ADD PRIMARY KEY (`notification_id`),
  ADD UNIQUE KEY `notification_id` (`notification_id`),
  ADD KEY `user_id` (`user_id`);

--
-- Chỉ mục cho bảng `orders`
--
ALTER TABLE `orders`
  ADD PRIMARY KEY (`order_id`),
  ADD UNIQUE KEY `order_id` (`order_id`),
  ADD KEY `user_id` (`user_id`);

--
-- Chỉ mục cho bảng `order_details`
--
ALTER TABLE `order_details`
  ADD PRIMARY KEY (`order_detail_id`),
  ADD UNIQUE KEY `order_detail_id` (`order_detail_id`),
  ADD KEY `order_id` (`order_id`),
  ADD KEY `product_id` (`product_id`);

--
-- Chỉ mục cho bảng `permissions`
--
ALTER TABLE `permissions`
  ADD PRIMARY KEY (`permission_id`),
  ADD KEY `role_id` (`role_id`);

--
-- Chỉ mục cho bảng `products`
--
ALTER TABLE `products`
  ADD UNIQUE KEY `product_id` (`product_id`),
  ADD KEY `warranty_policy_id` (`warranty_policy_id`),
  ADD KEY `status_product_id` (`status_product_id`),
  ADD KEY `attribute_id` (`attribute_id`),
  ADD KEY `category_item_id` (`category_item_id`),
  ADD KEY `products_ibfk_7` (`company_id`),
  ADD KEY `category_attribute_id` (`category_attribute_id`),
  ADD KEY `user_id` (`user_id`);

--
-- Chỉ mục cho bảng `registration_products`
--
ALTER TABLE `registration_products`
  ADD PRIMARY KEY (`registration_product_id`,`company_id`,`category_id`,`category_item_id`,`category_attribute_id`,`attribute_id`,`user_id`,`warranty_policy_id`),
  ADD UNIQUE KEY `registration_product_id` (`registration_product_id`),
  ADD KEY `company_id` (`company_id`),
  ADD KEY `category_id` (`category_id`),
  ADD KEY `category_item_id` (`category_item_id`),
  ADD KEY `category_attribute_id` (`category_attribute_id`),
  ADD KEY `attribute_id` (`attribute_id`),
  ADD KEY `warranty_policy_id` (`warranty_policy_id`),
  ADD KEY `user_id` (`user_id`);

--
-- Chỉ mục cho bảng `reviews`
--
ALTER TABLE `reviews`
  ADD PRIMARY KEY (`review_id`),
  ADD UNIQUE KEY `review_id` (`review_id`),
  ADD KEY `user_id` (`user_id`),
  ADD KEY `product_id` (`product_id`);

--
-- Chỉ mục cho bảng `roles`
--
ALTER TABLE `roles`
  ADD PRIMARY KEY (`role_id`),
  ADD UNIQUE KEY `role_id` (`role_id`),
  ADD UNIQUE KEY `role_name` (`role_name`);

--
-- Chỉ mục cho bảng `signup`
--
ALTER TABLE `signup`
  ADD PRIMARY KEY (`signup_id`),
  ADD KEY `user_id` (`user_id`),
  ADD KEY `type_signup_id` (`type_signup_id`);

--
-- Chỉ mục cho bảng `status_products`
--
ALTER TABLE `status_products`
  ADD PRIMARY KEY (`status_product_id`),
  ADD UNIQUE KEY `status_product_id` (`status_product_id`);

--
-- Chỉ mục cho bảng `type_signups`
--
ALTER TABLE `type_signups`
  ADD PRIMARY KEY (`type_signup_id`),
  ADD UNIQUE KEY `type_signup_id` (`type_signup_id`);

--
-- Chỉ mục cho bảng `users`
--
ALTER TABLE `users`
  ADD PRIMARY KEY (`user_id`),
  ADD UNIQUE KEY `user_id` (`user_id`),
  ADD KEY `role_id` (`role_id`);

--
-- Chỉ mục cho bảng `video_products`
--
ALTER TABLE `video_products`
  ADD PRIMARY KEY (`video_id`),
  ADD UNIQUE KEY `video_id` (`video_id`),
  ADD KEY `product_id` (`product_id`),
  ADD KEY `registration_product_id` (`registration_product_id`);

--
-- Chỉ mục cho bảng `warranty_policies`
--
ALTER TABLE `warranty_policies`
  ADD PRIMARY KEY (`warranty_policy_id`);

--
-- Chỉ mục cho bảng `whistlists`
--
ALTER TABLE `whistlists`
  ADD PRIMARY KEY (`whistlist_id`),
  ADD KEY `product_id` (`product_id`),
  ADD KEY `user_id` (`user_id`);

--
-- AUTO_INCREMENT cho các bảng đã đổ
--

--
-- AUTO_INCREMENT cho bảng `attributes`
--
ALTER TABLE `attributes`
  MODIFY `attribute_id` bigint(20) NOT NULL AUTO_INCREMENT, AUTO_INCREMENT=610;

--
-- AUTO_INCREMENT cho bảng `carts`
--
ALTER TABLE `carts`
  MODIFY `cart_id` bigint(20) NOT NULL AUTO_INCREMENT;

--
-- AUTO_INCREMENT cho bảng `categories`
--
ALTER TABLE `categories`
  MODIFY `category_id` bigint(20) NOT NULL AUTO_INCREMENT, AUTO_INCREMENT=8;

--
-- AUTO_INCREMENT cho bảng `category_attributes`
--
ALTER TABLE `category_attributes`
  MODIFY `category_attribute_id` bigint(20) NOT NULL AUTO_INCREMENT, AUTO_INCREMENT=166;

--
-- AUTO_INCREMENT cho bảng `category_items`
--
ALTER TABLE `category_items`
  MODIFY `category_item_id` bigint(20) NOT NULL AUTO_INCREMENT, AUTO_INCREMENT=46;

--
-- AUTO_INCREMENT cho bảng `companies`
--
ALTER TABLE `companies`
  MODIFY `company_id` bigint(20) NOT NULL AUTO_INCREMENT, AUTO_INCREMENT=484;

--
-- AUTO_INCREMENT cho bảng `feedbacks`
--
ALTER TABLE `feedbacks`
  MODIFY `feedback_id` bigint(20) NOT NULL AUTO_INCREMENT;

--
-- AUTO_INCREMENT cho bảng `images`
--
ALTER TABLE `images`
  MODIFY `image_id` bigint(20) NOT NULL AUTO_INCREMENT, AUTO_INCREMENT=2;

--
-- AUTO_INCREMENT cho bảng `messages`
--
ALTER TABLE `messages`
  MODIFY `message_id` bigint(20) NOT NULL AUTO_INCREMENT;

--
-- AUTO_INCREMENT cho bảng `notifications`
--
ALTER TABLE `notifications`
  MODIFY `notification_id` bigint(20) NOT NULL AUTO_INCREMENT;

--
-- AUTO_INCREMENT cho bảng `orders`
--
ALTER TABLE `orders`
  MODIFY `order_id` bigint(20) NOT NULL AUTO_INCREMENT;

--
-- AUTO_INCREMENT cho bảng `order_details`
--
ALTER TABLE `order_details`
  MODIFY `order_detail_id` bigint(20) NOT NULL AUTO_INCREMENT;

--
-- AUTO_INCREMENT cho bảng `permissions`
--
ALTER TABLE `permissions`
  MODIFY `permission_id` bigint(20) NOT NULL AUTO_INCREMENT, AUTO_INCREMENT=26;

--
-- AUTO_INCREMENT cho bảng `products`
--
ALTER TABLE `products`
  MODIFY `product_id` bigint(20) NOT NULL AUTO_INCREMENT, AUTO_INCREMENT=2;

--
-- AUTO_INCREMENT cho bảng `registration_products`
--
ALTER TABLE `registration_products`
  MODIFY `registration_product_id` bigint(20) NOT NULL AUTO_INCREMENT;

--
-- AUTO_INCREMENT cho bảng `reviews`
--
ALTER TABLE `reviews`
  MODIFY `review_id` bigint(20) NOT NULL AUTO_INCREMENT, AUTO_INCREMENT=2;

--
-- AUTO_INCREMENT cho bảng `roles`
--
ALTER TABLE `roles`
  MODIFY `role_id` bigint(20) NOT NULL AUTO_INCREMENT, AUTO_INCREMENT=5;

--
-- AUTO_INCREMENT cho bảng `signup`
--
ALTER TABLE `signup`
  MODIFY `signup_id` bigint(20) NOT NULL AUTO_INCREMENT, AUTO_INCREMENT=3;

--
-- AUTO_INCREMENT cho bảng `status_products`
--
ALTER TABLE `status_products`
  MODIFY `status_product_id` bigint(20) NOT NULL AUTO_INCREMENT, AUTO_INCREMENT=30;

--
-- AUTO_INCREMENT cho bảng `type_signups`
--
ALTER TABLE `type_signups`
  MODIFY `type_signup_id` bigint(20) NOT NULL AUTO_INCREMENT, AUTO_INCREMENT=3;

--
-- AUTO_INCREMENT cho bảng `users`
--
ALTER TABLE `users`
  MODIFY `user_id` bigint(20) NOT NULL AUTO_INCREMENT, AUTO_INCREMENT=2;

--
-- AUTO_INCREMENT cho bảng `video_products`
--
ALTER TABLE `video_products`
  MODIFY `video_id` bigint(20) NOT NULL AUTO_INCREMENT;

--
-- AUTO_INCREMENT cho bảng `warranty_policies`
--
ALTER TABLE `warranty_policies`
  MODIFY `warranty_policy_id` bigint(20) NOT NULL AUTO_INCREMENT, AUTO_INCREMENT=12;

--
-- AUTO_INCREMENT cho bảng `whistlists`
--
ALTER TABLE `whistlists`
  MODIFY `whistlist_id` bigint(20) NOT NULL AUTO_INCREMENT;

--
-- Các ràng buộc cho các bảng đã đổ
--

--
-- Các ràng buộc cho bảng `attributes`
--
ALTER TABLE `attributes`
  ADD CONSTRAINT `attributes_ibfk_1` FOREIGN KEY (`category_attribute_id`) REFERENCES `category_attributes` (`category_attribute_id`) ON DELETE NO ACTION ON UPDATE NO ACTION;

--
-- Các ràng buộc cho bảng `carts`
--
ALTER TABLE `carts`
  ADD CONSTRAINT `carts_ibfk_1` FOREIGN KEY (`product_id`) REFERENCES `products` (`product_id`) ON DELETE NO ACTION ON UPDATE NO ACTION,
  ADD CONSTRAINT `carts_ibfk_2` FOREIGN KEY (`user_id`) REFERENCES `users` (`user_id`) ON DELETE NO ACTION ON UPDATE NO ACTION;

--
-- Các ràng buộc cho bảng `category_attributes`
--
ALTER TABLE `category_attributes`
  ADD CONSTRAINT `category_attributes_ibfk_1` FOREIGN KEY (`category_id`) REFERENCES `categories` (`category_id`);

--
-- Các ràng buộc cho bảng `category_items`
--
ALTER TABLE `category_items`
  ADD CONSTRAINT `category_items_ibfk_1` FOREIGN KEY (`category_id`) REFERENCES `categories` (`category_id`) ON DELETE NO ACTION ON UPDATE NO ACTION;

--
-- Các ràng buộc cho bảng `companies`
--
ALTER TABLE `companies`
  ADD CONSTRAINT `companies_ibfk_1` FOREIGN KEY (`category_item_id`) REFERENCES `category_items` (`category_item_id`) ON DELETE NO ACTION ON UPDATE NO ACTION;

--
-- Các ràng buộc cho bảng `feedbacks`
--
ALTER TABLE `feedbacks`
  ADD CONSTRAINT `feedbacks_ibfk_1` FOREIGN KEY (`user_id`) REFERENCES `users` (`user_id`) ON DELETE NO ACTION ON UPDATE NO ACTION;

--
-- Các ràng buộc cho bảng `images`
--
ALTER TABLE `images`
  ADD CONSTRAINT `images_ibfk_1` FOREIGN KEY (`product_id`) REFERENCES `products` (`product_id`) ON DELETE NO ACTION ON UPDATE NO ACTION,
  ADD CONSTRAINT `images_ibfk_2` FOREIGN KEY (`user_id`) REFERENCES `users` (`user_id`) ON DELETE NO ACTION ON UPDATE NO ACTION,
  ADD CONSTRAINT `images_ibfk_3` FOREIGN KEY (`registration_product_id`) REFERENCES `registration_products` (`registration_product_id`) ON DELETE NO ACTION ON UPDATE NO ACTION;

--
-- Các ràng buộc cho bảng `messages`
--
ALTER TABLE `messages`
  ADD CONSTRAINT `messages_ibfk_1` FOREIGN KEY (`sender_id`) REFERENCES `users` (`user_id`) ON DELETE NO ACTION ON UPDATE NO ACTION,
  ADD CONSTRAINT `messages_ibfk_2` FOREIGN KEY (`receive_id`) REFERENCES `users` (`user_id`) ON DELETE NO ACTION ON UPDATE NO ACTION;

--
-- Các ràng buộc cho bảng `notifications`
--
ALTER TABLE `notifications`
  ADD CONSTRAINT `notifications_ibfk_1` FOREIGN KEY (`user_id`) REFERENCES `users` (`user_id`) ON DELETE NO ACTION ON UPDATE NO ACTION;

--
-- Các ràng buộc cho bảng `orders`
--
ALTER TABLE `orders`
  ADD CONSTRAINT `orders_ibfk_1` FOREIGN KEY (`user_id`) REFERENCES `users` (`user_id`) ON DELETE NO ACTION ON UPDATE NO ACTION;

--
-- Các ràng buộc cho bảng `order_details`
--
ALTER TABLE `order_details`
  ADD CONSTRAINT `order_details_ibfk_1` FOREIGN KEY (`order_id`) REFERENCES `orders` (`order_id`) ON DELETE NO ACTION ON UPDATE NO ACTION,
  ADD CONSTRAINT `order_details_ibfk_2` FOREIGN KEY (`product_id`) REFERENCES `products` (`product_id`) ON DELETE NO ACTION ON UPDATE NO ACTION;

--
-- Các ràng buộc cho bảng `permissions`
--
ALTER TABLE `permissions`
  ADD CONSTRAINT `permissions_ibfk_1` FOREIGN KEY (`role_id`) REFERENCES `roles` (`role_id`) ON DELETE NO ACTION ON UPDATE NO ACTION;

--
-- Các ràng buộc cho bảng `products`
--
ALTER TABLE `products`
  ADD CONSTRAINT `products_ibfk_3` FOREIGN KEY (`warranty_policy_id`) REFERENCES `warranty_policies` (`warranty_policy_id`) ON DELETE NO ACTION ON UPDATE NO ACTION,
  ADD CONSTRAINT `products_ibfk_4` FOREIGN KEY (`status_product_id`) REFERENCES `status_products` (`status_product_id`) ON DELETE NO ACTION ON UPDATE NO ACTION,
  ADD CONSTRAINT `products_ibfk_5` FOREIGN KEY (`attribute_id`) REFERENCES `attributes` (`attribute_id`) ON DELETE NO ACTION ON UPDATE NO ACTION,
  ADD CONSTRAINT `products_ibfk_6` FOREIGN KEY (`category_item_id`) REFERENCES `category_items` (`category_item_id`) ON DELETE NO ACTION ON UPDATE NO ACTION,
  ADD CONSTRAINT `products_ibfk_7` FOREIGN KEY (`company_id`) REFERENCES `companies` (`company_id`) ON DELETE NO ACTION ON UPDATE NO ACTION,
  ADD CONSTRAINT `products_ibfk_8` FOREIGN KEY (`category_attribute_id`) REFERENCES `category_attributes` (`category_attribute_id`) ON DELETE NO ACTION ON UPDATE NO ACTION,
  ADD CONSTRAINT `products_ibfk_9` FOREIGN KEY (`user_id`) REFERENCES `users` (`user_id`) ON DELETE NO ACTION ON UPDATE NO ACTION;

--
-- Các ràng buộc cho bảng `registration_products`
--
ALTER TABLE `registration_products`
  ADD CONSTRAINT `registration_products_ibfk_1` FOREIGN KEY (`company_id`) REFERENCES `companies` (`company_id`) ON DELETE NO ACTION ON UPDATE NO ACTION,
  ADD CONSTRAINT `registration_products_ibfk_2` FOREIGN KEY (`category_id`) REFERENCES `categories` (`category_id`) ON DELETE NO ACTION ON UPDATE NO ACTION,
  ADD CONSTRAINT `registration_products_ibfk_3` FOREIGN KEY (`category_item_id`) REFERENCES `category_items` (`category_item_id`) ON DELETE NO ACTION ON UPDATE NO ACTION,
  ADD CONSTRAINT `registration_products_ibfk_4` FOREIGN KEY (`category_attribute_id`) REFERENCES `category_attributes` (`category_attribute_id`) ON DELETE NO ACTION ON UPDATE NO ACTION,
  ADD CONSTRAINT `registration_products_ibfk_5` FOREIGN KEY (`attribute_id`) REFERENCES `attributes` (`attribute_id`) ON DELETE NO ACTION ON UPDATE NO ACTION,
  ADD CONSTRAINT `registration_products_ibfk_6` FOREIGN KEY (`warranty_policy_id`) REFERENCES `warranty_policies` (`warranty_policy_id`) ON DELETE NO ACTION ON UPDATE NO ACTION,
  ADD CONSTRAINT `registration_products_ibfk_7` FOREIGN KEY (`user_id`) REFERENCES `users` (`user_id`) ON DELETE NO ACTION ON UPDATE NO ACTION;

--
-- Các ràng buộc cho bảng `reviews`
--
ALTER TABLE `reviews`
  ADD CONSTRAINT `reviews_ibfk_1` FOREIGN KEY (`user_id`) REFERENCES `users` (`user_id`) ON DELETE NO ACTION ON UPDATE NO ACTION,
  ADD CONSTRAINT `reviews_ibfk_2` FOREIGN KEY (`product_id`) REFERENCES `products` (`product_id`) ON DELETE NO ACTION ON UPDATE NO ACTION;

--
-- Các ràng buộc cho bảng `signup`
--
ALTER TABLE `signup`
  ADD CONSTRAINT `signup_ibfk_2` FOREIGN KEY (`type_signup_id`) REFERENCES `type_signups` (`type_signup_id`) ON DELETE NO ACTION ON UPDATE NO ACTION;

--
-- Các ràng buộc cho bảng `users`
--
ALTER TABLE `users`
  ADD CONSTRAINT `users_ibfk_1` FOREIGN KEY (`role_id`) REFERENCES `roles` (`role_id`) ON DELETE NO ACTION ON UPDATE NO ACTION;

--
-- Các ràng buộc cho bảng `video_products`
--
ALTER TABLE `video_products`
  ADD CONSTRAINT `video_products_ibfk_1` FOREIGN KEY (`product_id`) REFERENCES `products` (`product_id`) ON DELETE NO ACTION ON UPDATE NO ACTION,
  ADD CONSTRAINT `video_products_ibfk_2` FOREIGN KEY (`registration_product_id`) REFERENCES `registration_products` (`registration_product_id`) ON DELETE NO ACTION ON UPDATE NO ACTION;

--
-- Các ràng buộc cho bảng `whistlists`
--
ALTER TABLE `whistlists`
  ADD CONSTRAINT `whistlists_ibfk_1` FOREIGN KEY (`product_id`) REFERENCES `products` (`product_id`) ON DELETE NO ACTION ON UPDATE NO ACTION,
  ADD CONSTRAINT `whistlists_ibfk_2` FOREIGN KEY (`user_id`) REFERENCES `users` (`user_id`) ON DELETE NO ACTION ON UPDATE NO ACTION;
COMMIT;

/*!40101 SET CHARACTER_SET_CLIENT=@OLD_CHARACTER_SET_CLIENT */;
/*!40101 SET CHARACTER_SET_RESULTS=@OLD_CHARACTER_SET_RESULTS */;
/*!40101 SET COLLATION_CONNECTION=@OLD_COLLATION_CONNECTION */;
